raw_session,me_asset_id,me_asset_name,me_run_id
behavior_800886_2025-08-26_13-15-13,3b1d0d7f-065b-4c29-8d72-909f0b3d7308,behavior_800886_2025-08-26_13-15-13_motionenergy_2026-09-29_06-00-03,ce719ee8-ca14-4f52-8f8b-8655237a3c8e
behavior_800886_2025-08-28_13-17-08,b6524976-d5c6-4583-a649-c6eaacd95f50,behavior_800886_2025-08-28_13-17-08_motionenergy_2026-09-29_06-00-10,ce719ee8-ca14-4f52-8f8b-8655237a3c8e
behavior_800886_2025-09-03_13-03-45,4855821f-5dec-43b1-8ce5-383c31f07a4d,behavior_800886_2025-09-03_13-03-45_motionenergy_2026-09-29_06-00-16,ce719ee8-ca14-4f52-8f8b-8655237a3c8e
behavior_800886_2025-09-05_13-58-04,d5949782-6af2-4950-88d7-c24fbb346522,behavior_800886_2025-09-05_13-58-04_motionenergy_2026-09-29_06-00-23,ce719ee8-ca14-4f52-8f8b-8655237a3c8e
behavior_800886_2025-09-11_13-52-51,553fdbd9-7d6c-4ced-b9de-ee5b1c65c70b,behavior_800886_2025-09-11_13-52-51_motionenergy_2026-09-29_06-00-29,ce719ee8-ca14-4f52-8f8b-8655237a3c8e
behavior_818585_2025-12-05_09-45-45,29edbc5e-700e-4093-88d9-074f4a6d630d,behavior_818585_2025-12-05_09-45-45_motionenergy_2026-09-29_07-26-30,2b3a9315-22b5-47f9-b929-687240392f82
behavior_818585_2025-12-10_09-38-40,51a7ac21-904e-4370-a35c-e67bef128fb8,behavior_818585_2025-12-10_09-38-40_motionenergy_2026-09-29_07-18-15,2b3a9315-22b5-47f9-b929-687240392f82
behavior_818585_2025-12-11_09-49-52,b7b141d4-36bf-4470-9e22-e91b91dbe39a,behavior_818585_2025-12-11_09-49-52_motionenergy_2026-09-29_07-22-22,2b3a9315-22b5-47f9-b929-687240392f82
behavior_818585_2025-12-12_09-53-10,9a5a3e4f-3c01-4742-8167-97aa7070bb95,behavior_818585_2025-12-12_09-53-10_motionenergy_2026-09-29_07-32-42,2b3a9315-22b5-47f9-b929-687240392f82
behavior_818585_2025-12-15_09-45-47,3b275a12-8c14-4011-bb4a-bd0d12f6d95d,behavior_818585_2025-12-15_09-45-47_motionenergy_2026-09-29_07-30-38,2b3a9315-22b5-47f9-b929-687240392f82
behavior_818585_2025-12-16_09-49-11,61e07d6d-efc6-44da-a320-566d0f04593e,behavior_818585_2025-12-16_09-49-11_motionenergy_2026-09-29_07-12-07,2b3a9315-22b5-47f9-b929-687240392f82
behavior_818585_2025-12-22_13-10-50,1dc1ec83-3046-4a03-9725-89a8281f2ab1,behavior_818585_2025-12-22_13-10-50_motionenergy_2026-09-29_07-28-35,2b3a9315-22b5-47f9-b929-687240392f82
behavior_818585_2026-01-20_13-38-48,acfdc406-d747-41bb-a38a-6d017edf3066,behavior_818585_2026-01-20_13-38-48_motionenergy_2026-09-29_07-38-49,2b3a9315-22b5-47f9-b929-687240392f82
behavior_818586_2025-12-22_11-02-52,851da79b-8b9c-42db-b802-aa06d03de0af,behavior_818586_2025-12-22_11-02-52_motionenergy_2026-09-29_11-55-17,2b3a9315-22b5-47f9-b929-687240392f82
behavior_818586_2025-12-24_11-03-38,46ae4a45-14af-4a3e-b42c-0ee782c1f344,behavior_818586_2025-12-24_11-03-38_motionenergy_2026-09-29_11-57-22,2b3a9315-22b5-47f9-b929-687240392f82
behavior_818586_2026-01-02_11-11-54,b547b9e6-c7ab-420a-82b1-4ce07157d2ba,behavior_818586_2026-01-02_11-11-54_motionenergy_2026-09-29_12-17-47,2b3a9315-22b5-47f9-b929-687240392f82
behavior_818586_2026-01-05_10-09-01,34bd6974-698d-4699-90bb-253894b94f16,behavior_818586_2026-01-05_10-09-01_motionenergy_2026-09-29_12-19-51,2b3a9315-22b5-47f9-b929-687240392f82
behavior_818586_2026-01-07_09-56-16,90123b8e-a6b0-4b7f-b745-0deddb39e94e,behavior_818586_2026-01-07_09-56-16_motionenergy_2026-09-29_12-25-59,2b3a9315-22b5-47f9-b929-687240392f82
behavior_818586_2026-01-08_08-45-11,ea74a19b-5e6e-4082-9343-fc2bf12bd2ef,behavior_818586_2026-01-08_08-45-11_motionenergy_2026-09-29_12-13-42,2b3a9315-22b5-47f9-b929-687240392f82
behavior_818586_2026-01-09_09-23-20,21bc9fbd-6695-4640-8a0b-b0b63179632b,behavior_818586_2026-01-09_09-23-20_motionenergy_2026-09-29_12-28-03,2b3a9315-22b5-47f9-b929-687240392f82
behavior_818586_2026-01-12_09-34-09,b7fd1769-9e80-46db-ae57-3d008368fb6c,behavior_818586_2026-01-12_09-34-09_motionenergy_2026-09-29_12-30-07,2b3a9315-22b5-47f9-b929-687240392f82
behavior_818586_2026-01-13_09-25-36,f3f4a3b0-c546-4d65-a2de-8e4e91dd9087,behavior_818586_2026-01-13_09-25-36_motionenergy_2026-09-29_12-32-10,2b3a9315-22b5-47f9-b929-687240392f82
behavior_818586_2026-01-14_10-02-19,6ecc9044-bfef-45e8-bfcc-09fd710c4da5,behavior_818586_2026-01-14_10-02-19_motionenergy_2026-09-29_12-30-08,2b3a9315-22b5-47f9-b929-687240392f82
behavior_818586_2026-01-15_09-18-12,80115590-cf82-4b72-94c6-ab4cefa83b7c,behavior_818586_2026-01-15_09-18-12_motionenergy_2026-09-29_12-21-55,2b3a9315-22b5-47f9-b929-687240392f82
behavior_818586_2026-01-16_09-19-39,38ac0a9b-a1ea-420d-a7be-2e6fad8b0860,behavior_818586_2026-01-16_09-19-39_motionenergy_2026-09-29_13-04-28,2b3a9315-22b5-47f9-b929-687240392f82
behavior_818586_2026-01-20_08-39-29,b38e6ac2-e425-4f91-9dfd-9fbc038d23e4,behavior_818586_2026-01-20_08-39-29_motionenergy_2026-09-29_13-34-45,2b3a9315-22b5-47f9-b929-687240392f82
behavior_818586_2026-01-21_09-43-54,2056aa82-6f97-485e-a1b0-8162e07d5b98,behavior_818586_2026-01-21_09-43-54_motionenergy_2026-09-29_13-34-46,2b3a9315-22b5-47f9-b929-687240392f82
behavior_818586_2026-01-22_08-35-28,2b453a46-86f2-495c-aefc-4daea7664624,behavior_818586_2026-01-22_08-35-28_motionenergy_2026-09-29_13-36-49,2b3a9315-22b5-47f9-b929-687240392f82
behavior_818586_2026-01-23_09-02-54,3f9559c8-b04f-4ff7-89f5-adf98d49943b,behavior_818586_2026-01-23_09-02-54_motionenergy_2026-09-29_13-38-51,2b3a9315-22b5-47f9-b929-687240392f82
behavior_818586_2026-01-26_09-29-12,69c4212c-9ece-4e13-93f2-8779b9ffb4e2,behavior_818586_2026-01-26_09-29-12_motionenergy_2026-09-29_13-40-54,2b3a9315-22b5-47f9-b929-687240392f82
behavior_818586_2026-01-27_09-21-21,f78661b4-0d88-4d87-b31d-71e4ea88b46a,behavior_818586_2026-01-27_09-21-21_motionenergy_2026-09-29_13-34-48,2b3a9315-22b5-47f9-b929-687240392f82
behavior_818586_2026-01-28_09-13-06,df1bdeb3-31b6-4051-85fd-ec7d3d8c7b33,behavior_818586_2026-01-28_09-13-06_motionenergy_2026-09-29_13-38-53,2b3a9315-22b5-47f9-b929-687240392f82
behavior_818586_2026-01-29_09-33-28,9a661aa7-6384-4fe5-a812-e230e1483cac,behavior_818586_2026-01-29_09-33-28_motionenergy_2026-09-29_13-54-59,2b3a9315-22b5-47f9-b929-687240392f82
behavior_818586_2026-01-30_09-36-27,30eabcf9-c4e1-4e97-816f-d6d7d4be038e,behavior_818586_2026-01-30_09-36-27_motionenergy_2026-09-29_13-44-57,2b3a9315-22b5-47f9-b929-687240392f82
behavior_818586_2026-02-03_08-58-56,5c078324-f4cd-4341-84af-7d53a95bb233,behavior_818586_2026-02-03_08-58-56_motionenergy_2026-09-29_13-10-33,2b3a9315-22b5-47f9-b929-687240392f82
behavior_818586_2026-02-04_09-06-30,f34165bb-7d76-4df6-a8d2-518382dc8999,behavior_818586_2026-02-04_09-06-30_motionenergy_2026-09-29_14-05-02,2b3a9315-22b5-47f9-b929-687240392f82
behavior_808054_2025-09-02_10-38-37,5c6a3cc8-7f70-4bed-863a-4c2f2f6fcd7b,behavior_808054_2025-09-02_10-38-37_motionenergy_2026-09-29_17-40-32,342a45f7-f157-47d6-b4dd-763438fbeadf
behavior_808054_2025-09-03_09-59-42,601143a5-a6ce-4154-a4a8-51c8886456b1,behavior_808054_2025-09-03_09-59-42_motionenergy_2026-09-29_17-34-27,342a45f7-f157-47d6-b4dd-763438fbeadf
behavior_808054_2025-09-04_10-31-27,15ca6333-53bb-4412-b034-c2b7b80342c2,behavior_808054_2025-09-04_10-31-27_motionenergy_2026-09-29_17-34-29,342a45f7-f157-47d6-b4dd-763438fbeadf
behavior_808054_2025-09-05_10-34-31,04ee59a6-eac5-48cd-b3b9-e54aacbb1608,behavior_808054_2025-09-05_10-34-31_motionenergy_2026-09-29_17-24-20,342a45f7-f157-47d6-b4dd-763438fbeadf
behavior_808054_2025-09-08_10-33-04,fa071c21-20f7-4e96-b8e3-949f9a2632fa,behavior_808054_2025-09-08_10-33-04_motionenergy_2026-09-29_17-36-31,342a45f7-f157-47d6-b4dd-763438fbeadf
behavior_808054_2025-09-09_10-37-08,354e493f-285d-4988-9ee9-b2e3ca65dc0d,behavior_808054_2025-09-09_10-37-08_motionenergy_2026-09-29_17-26-25,342a45f7-f157-47d6-b4dd-763438fbeadf
behavior_808054_2025-09-10_10-28-53,b92ef40e-f8fd-4321-9496-05589fd6cfc0,behavior_808054_2025-09-10_10-28-53_motionenergy_2026-09-29_17-24-21,342a45f7-f157-47d6-b4dd-763438fbeadf
behavior_808054_2025-09-11_10-27-11,134979f6-5918-4352-a692-511ce9c4868c,behavior_808054_2025-09-11_10-27-11_motionenergy_2026-09-29_17-24-23,342a45f7-f157-47d6-b4dd-763438fbeadf
behavior_808054_2025-09-12_10-24-04,534dc09d-ac8c-4b87-a68a-c91a863591dd,behavior_808054_2025-09-12_10-24-04_motionenergy_2026-09-29_17-22-18,342a45f7-f157-47d6-b4dd-763438fbeadf
behavior_808054_2025-09-15_10-40-01,5afc8bcf-8ff3-4f97-bf7b-53f5bccef47a,behavior_808054_2025-09-15_10-40-01_motionenergy_2026-09-29_17-06-11,342a45f7-f157-47d6-b4dd-763438fbeadf
behavior_808054_2025-09-16_10-29-48,60c4a013-c756-4a09-9287-00a8dc4ee6cc,behavior_808054_2025-09-16_10-29-48_motionenergy_2026-09-29_05-26-32,ce719ee8-ca14-4f52-8f8b-8655237a3c8e
behavior_808054_2025-09-17_10-29-46,bd322cb2-428a-426c-bc82-e084728aff43,behavior_808054_2025-09-17_10-29-46_motionenergy_2026-09-29_05-50-07,ce719ee8-ca14-4f52-8f8b-8655237a3c8e
behavior_808054_2025-09-18_10-24-37,1dfa5272-9efb-4de7-bdbc-d2f95c633ec3,behavior_808054_2025-09-18_10-24-37_motionenergy_2026-09-29_05-50-13,ce719ee8-ca14-4f52-8f8b-8655237a3c8e
behavior_808054_2025-09-22_09-55-53,69d809a4-6a7f-472b-a3fb-d9074de83073,behavior_808054_2025-09-22_09-55-53_motionenergy_2026-09-29_05-53-53,ce719ee8-ca14-4f52-8f8b-8655237a3c8e
behavior_808054_2025-09-23_10-41-05,e24d1ff2-615a-4e31-87fe-1e77f66c655e,behavior_808054_2025-09-23_10-41-05_motionenergy_2026-09-29_05-56-52,ce719ee8-ca14-4f52-8f8b-8655237a3c8e
behavior_808054_2025-09-26_11-02-53,648041c4-8cb6-4c20-b068-bdc2ad965e63,behavior_808054_2025-09-26_11-02-53_motionenergy_2026-09-29_05-56-59,ce719ee8-ca14-4f52-8f8b-8655237a3c8e
behavior_809487_2025-09-22_11-43-21,f7e2ff6e-80af-49bd-8585-176cfc64a582,behavior_809487_2025-09-22_11-43-21_motionenergy_2026-09-29_07-40-52,2b3a9315-22b5-47f9-b929-687240392f82
behavior_809487_2025-09-24_13-59-44,2ab93739-5b85-4e88-8df9-5cce2f6be4f8,behavior_809487_2025-09-24_13-59-44_motionenergy_2026-09-29_07-40-53,2b3a9315-22b5-47f9-b929-687240392f82
behavior_809487_2025-09-25_13-59-05,ba280290-d351-4014-812a-6c53e899f4f9,behavior_809487_2025-09-25_13-59-05_motionenergy_2026-09-29_08-45-48,2b3a9315-22b5-47f9-b929-687240392f82
behavior_809487_2025-09-26_12-43-39,401a4a6a-4970-4414-8096-352769ea801e,behavior_809487_2025-09-26_12-43-39_motionenergy_2026-09-29_08-56-00,2b3a9315-22b5-47f9-b929-687240392f82
behavior_809487_2025-09-29_14-11-52,a9c74cf4-5874-43e4-92c9-4204f36c9c49,behavior_809487_2025-09-29_14-11-52_motionenergy_2026-09-29_08-41-43,2b3a9315-22b5-47f9-b929-687240392f82
behavior_809487_2025-10-08_12-57-02,19c4441a-3ec7-47d1-a762-52fefcab9fc2,behavior_809487_2025-10-08_12-57-02_motionenergy_2026-09-29_08-47-52,2b3a9315-22b5-47f9-b929-687240392f82
behavior_809487_2025-10-10_12-33-41,f0676c0e-895c-4723-8ea2-ad68c60b8740,behavior_809487_2025-10-10_12-33-41_motionenergy_2026-09-29_09-06-18,2b3a9315-22b5-47f9-b929-687240392f82
behavior_809487_2025-10-15_14-22-59,02a19f16-0841-4c8b-9021-3927bb00b947,behavior_809487_2025-10-15_14-22-59_motionenergy_2026-09-29_08-58-06,2b3a9315-22b5-47f9-b929-687240392f82
behavior_809491_2025-10-01_09-33-38,a2597fab-afad-4549-a62c-a4cf2625e1cb,behavior_809491_2025-10-01_09-33-38_motionenergy_2026-09-29_09-20-41,2b3a9315-22b5-47f9-b929-687240392f82
behavior_809491_2025-10-02_09-23-46,f80b62e2-e5d4-4cfe-880b-641c40ce341a,behavior_809491_2025-10-02_09-23-46_motionenergy_2026-09-29_10-05-18,2b3a9315-22b5-47f9-b929-687240392f82
behavior_809491_2025-10-03_09-36-11,8c94c73e-81a7-4c22-af40-6ac1d55756c7,behavior_809491_2025-10-03_09-36-11_motionenergy_2026-09-29_10-17-30,2b3a9315-22b5-47f9-b929-687240392f82
behavior_809491_2025-10-06_08-46-19,f3544f29-f72c-4d36-a285-127c1b584653,behavior_809491_2025-10-06_08-46-19_motionenergy_2026-09-29_10-23-37,2b3a9315-22b5-47f9-b929-687240392f82
behavior_809491_2025-10-09_09-57-13,4b36f862-2467-433c-9f74-01f36ed12ad1,behavior_809491_2025-10-09_09-57-13_motionenergy_2026-09-29_10-37-54,2b3a9315-22b5-47f9-b929-687240392f82
behavior_809491_2025-10-10_09-35-15,63cce192-67ba-4471-817a-05e06950b542,behavior_809491_2025-10-10_09-35-15_motionenergy_2026-09-29_10-29-44,2b3a9315-22b5-47f9-b929-687240392f82
behavior_809491_2025-10-13_09-26-46,f2b4821b-17b1-4804-acee-55ea6d4406ed,behavior_809491_2025-10-13_09-26-46_motionenergy_2026-09-29_10-31-47,2b3a9315-22b5-47f9-b929-687240392f82
behavior_809491_2025-10-14_09-27-06,f2976ce4-b205-4ef1-9c05-5bc064f04827,behavior_809491_2025-10-14_09-27-06_motionenergy_2026-09-29_10-39-58,2b3a9315-22b5-47f9-b929-687240392f82
behavior_809491_2025-10-17_09-26-49,eef97fb7-3ec0-4f59-917d-f36ffb499b2a,behavior_809491_2025-10-17_09-26-49_motionenergy_2026-09-29_10-42-01,2b3a9315-22b5-47f9-b929-687240392f82
behavior_809491_2025-10-20_09-31-46,87f5080b-62a6-43af-8486-d40a26296849,behavior_809491_2025-10-20_09-31-46_motionenergy_2026-09-29_10-44-05,2b3a9315-22b5-47f9-b929-687240392f82
behavior_809491_2025-10-21_09-37-59,d4cce795-9ba2-42ad-877e-fa3cbdce1c54,behavior_809491_2025-10-21_09-37-59_motionenergy_2026-09-29_10-46-08,2b3a9315-22b5-47f9-b929-687240392f82
behavior_809491_2025-10-22_09-25-35,dc55d850-b0f4-4492-956c-732a617539aa,behavior_809491_2025-10-22_09-25-35_motionenergy_2026-09-29_10-46-10,2b3a9315-22b5-47f9-b929-687240392f82
behavior_809491_2025-10-23_09-38-27,efcdeddd-3388-49ce-8439-5a3beb7c5039,behavior_809491_2025-10-23_09-38-27_motionenergy_2026-09-29_10-48-14,2b3a9315-22b5-47f9-b929-687240392f82
behavior_809491_2025-10-24_09-42-09,2eb87960-c90b-46a9-9ba7-70d827b1fe34,behavior_809491_2025-10-24_09-42-09_motionenergy_2026-09-29_10-52-19,2b3a9315-22b5-47f9-b929-687240392f82
behavior_809491_2025-10-27_09-04-55,b0f988a3-7bf2-4981-b829-c9ca18edac93,behavior_809491_2025-10-27_09-04-55_motionenergy_2026-09-29_10-54-23,2b3a9315-22b5-47f9-b929-687240392f82
behavior_809491_2025-10-28_09-30-50,e9ba5e9f-bb70-4999-9315-ed3787ffbc46,behavior_809491_2025-10-28_09-30-50_motionenergy_2026-09-29_10-58-28,2b3a9315-22b5-47f9-b929-687240392f82
behavior_809491_2025-10-29_09-35-17,73f31fbc-6f50-4bd0-a9ac-7a1beff809b1,behavior_809491_2025-10-29_09-35-17_motionenergy_2026-09-29_11-28-54,2b3a9315-22b5-47f9-b929-687240392f82
behavior_809491_2025-10-30_09-19-42,a1779036-0145-4886-9d7b-2b54b1e20da3,behavior_809491_2025-10-30_09-19-42_motionenergy_2026-09-29_11-57-21,2b3a9315-22b5-47f9-b929-687240392f82
behavior_809491_2025-10-31_09-25-40,1e8a5ebb-1c63-4c7b-9efb-6bd760740fb2,behavior_809491_2025-10-31_09-25-40_motionenergy_2026-09-29_11-59-27,2b3a9315-22b5-47f9-b929-687240392f82
behavior_809491_2025-11-13_09-08-18,72207453-0d23-43e5-8fa0-2e4873cd8267,behavior_809491_2025-11-13_09-08-18_motionenergy_2026-09-29_12-01-30,2b3a9315-22b5-47f9-b929-687240392f82
behavior_815334_2025-11-04_09-43-32,b041a72c-b7dd-4227-97e1-81fb23db1303,behavior_815334_2025-11-04_09-43-32_motionenergy_2026-09-29_07-22-20,2b3a9315-22b5-47f9-b929-687240392f82
behavior_815334_2025-11-12_10-26-10,4e76adc2-c3af-4b71-a6d1-b47a09ef35c6,behavior_815334_2025-11-12_10-26-10_motionenergy_2026-09-29_07-16-12,2b3a9315-22b5-47f9-b929-687240392f82
behavior_815334_2025-11-13_09-57-59,7bba17fb-523c-435c-8e33-4a43848db40a,behavior_815334_2025-11-13_09-57-59_motionenergy_2026-09-29_07-26-27,2b3a9315-22b5-47f9-b929-687240392f82
behavior_815334_2025-11-14_09-11-13,6a04b924-0d5a-4bb6-9f34-ab5ce8dbd3e7,behavior_815334_2025-11-14_09-11-13_motionenergy_2026-09-29_07-26-28,2b3a9315-22b5-47f9-b929-687240392f82
behavior_816212_2025-11-13_14-13-21,c9e34de5-b78e-4442-9702-8b54b2e6e8fe,behavior_816212_2025-11-13_14-13-21_motionenergy_2026-09-29_08-56-02,2b3a9315-22b5-47f9-b929-687240392f82
behavior_816212_2025-11-18_13-22-34,b7ff4f4b-8a6a-4318-af0d-ff99f7d0a5b2,behavior_816212_2025-11-18_13-22-34_motionenergy_2026-09-29_09-04-12,2b3a9315-22b5-47f9-b929-687240392f82
behavior_816212_2025-11-26_13-27-32,a9dffb7c-caea-4c15-90db-59145ea84ea2,behavior_816212_2025-11-26_13-27-32_motionenergy_2026-09-29_09-04-14,2b3a9315-22b5-47f9-b929-687240392f82
behavior_816212_2025-12-02_13-36-19,1b024180-d9ce-462c-936b-eb869efb0c59,behavior_816212_2025-12-02_13-36-19_motionenergy_2026-09-29_09-14-32,2b3a9315-22b5-47f9-b929-687240392f82
behavior_816212_2025-12-05_13-47-41,8f3575c3-c8bb-4af0-a484-fa72f9b246c7,behavior_816212_2025-12-05_13-47-41_motionenergy_2026-09-29_09-16-36,2b3a9315-22b5-47f9-b929-687240392f82
behavior_816212_2025-12-09_12-51-52,3c5b69c9-5a96-4432-be7f-e6de10e326a0,behavior_816212_2025-12-09_12-51-52_motionenergy_2026-09-29_09-08-22,2b3a9315-22b5-47f9-b929-687240392f82
behavior_816212_2025-12-10_13-27-38,3991a05d-f18a-4e96-9e35-d8c975266bbd,behavior_816212_2025-12-10_13-27-38_motionenergy_2026-09-29_09-12-29,2b3a9315-22b5-47f9-b929-687240392f82
behavior_816212_2025-12-11_13-24-29,82dae31d-bfd8-4045-a046-9d796cb21960,behavior_816212_2025-12-11_13-24-29_motionenergy_2026-09-29_09-08-23,2b3a9315-22b5-47f9-b929-687240392f82
behavior_816214_2025-12-01_09-08-08,f7916fff-05a5-4fcd-99b3-30abc08824c7,behavior_816214_2025-12-01_09-08-08_motionenergy_2026-09-29_05-52-55,2b3a9315-22b5-47f9-b929-687240392f82
behavior_816214_2025-12-02_08-28-39,52247394-6ce1-49d7-91e7-028d4bbc2dfd,behavior_816214_2025-12-02_08-28-39_motionenergy_2026-09-29_05-48-49,2b3a9315-22b5-47f9-b929-687240392f82
behavior_816214_2025-12-03_08-39-48,66679552-402a-4dcb-8373-6f17bfee0fdb,behavior_816214_2025-12-03_08-39-48_motionenergy_2026-09-29_06-01-06,2b3a9315-22b5-47f9-b929-687240392f82
behavior_816214_2025-12-04_08-51-42,a71c5870-a612-4d3a-a90f-f2923829d2e6,behavior_816214_2025-12-04_08-51-42_motionenergy_2026-09-29_06-01-07,2b3a9315-22b5-47f9-b929-687240392f82
behavior_816214_2025-12-05_09-03-03,cf3ad0c0-6bf2-46f5-af10-6e8733134594,behavior_816214_2025-12-05_09-03-03_motionenergy_2026-09-29_07-01-56,2b3a9315-22b5-47f9-b929-687240392f82
