session,subject,camera,source_camera,layout,raw_asset_id,me_asset_id,source_video,n_frames,frame_interval_s,harp_start,harp_end,timing_source,action,status,error,failed_checks,frames_lost,glitch_rows,clock_rate_ppm,video_frame_count_diff,n_trigger_log,n_original,n_reindexed,n_estimated_camera_fit,n_glitch_interpolated,padded,n_trigger_events,n_exposures,me_asset_name
behavior_818585_2025-12-05_09-45-45,818585,BottomCamera,bottom_camera,flat,e3523615-172c-46a3-a676-369f29de5d9d,29edbc5e-700e-4093-88d9-074f4a6d630d,/root/capsule/data/behavior_818585_2025-12-05_09-45-45/behavior-videos/bottom_camera.mp4,2579816,0.001999984129094482,1709597.858592,1714757.447648,trigger_log,use harp as written,ok,,,0,,12,0,2579816.0,0.0,0.0,0.0,0.0,True,2579816,2579816,behavior_818585_2025-12-05_09-45-45_motionenergy_2026-09-29_07-26-30
behavior_818585_2025-12-05_09-45-45,818585,SideCameraRight,side_camera_right,flat,e3523615-172c-46a3-a676-369f29de5d9d,29edbc5e-700e-4093-88d9-074f4a6d630d,/root/capsule/data/behavior_818585_2025-12-05_09-45-45/behavior-videos/side_camera_right.mp4,2579816,0.001999984129094482,1709597.858592,1714757.447648,trigger_log,use harp as written,ok,,,0,,9,0,2579816.0,0.0,0.0,0.0,0.0,True,2579816,2579816,behavior_818585_2025-12-05_09-45-45_motionenergy_2026-09-29_07-26-30
behavior_800886_2025-09-05_13-58-04,800886,BottomCamera,bottom_camera,flat,2f50d662-4150-48d0-930b-b25cfe33b685,d5949782-6af2-4950-88d7-c24fbb346522,/root/capsule/data/behavior_800886_2025-09-05_13-58-04/behavior-videos/bottom_camera.mp4,2594028,0.001999977418893333,4839343.639584,4844531.635008,trigger_log,use harp as written,ok,,,0,,14,0,2594028.0,0.0,0.0,0.0,0.0,True,2594028,2594028,behavior_800886_2025-09-05_13-58-04_motionenergy_2026-09-29_06-00-23
behavior_800886_2025-09-05_13-58-04,800886,SideCameraRight,side_camera_right,flat,2f50d662-4150-48d0-930b-b25cfe33b685,d5949782-6af2-4950-88d7-c24fbb346522,/root/capsule/data/behavior_800886_2025-09-05_13-58-04/behavior-videos/side_camera_right.mp4,2594028,0.001999977418893333,4839343.639584,4844531.635008,trigger_log,use harp as written,ok,,,0,,11,0,2594028.0,0.0,0.0,0.0,0.0,True,2594028,2594028,behavior_800886_2025-09-05_13-58-04_motionenergy_2026-09-29_06-00-23
behavior_800886_2025-08-26_13-15-13,800886,BottomCamera,bottom_camera,flat,a1fbf4a9-8d94-4057-8618-5701e4c0caac,3b1d0d7f-065b-4c29-8d72-909f0b3d7308,/root/capsule/data/behavior_800886_2025-08-26_13-15-13/behavior-videos/bottom_camera.mp4,2853470,0.0019999768702423345,,,trigger_log,refuse: harp_evenly_spaced,refused,ValueError: harp_evenly_spaced failed: steps off by > 0.5 frame: 2,harp_evenly_spaced,0,,14,0,,,,,,,2853470,2853470,behavior_800886_2025-08-26_13-15-13_motionenergy_2026-09-29_06-00-03
behavior_800886_2025-08-26_13-15-13,800886,SideCameraRight,side_camera_right,flat,a1fbf4a9-8d94-4057-8618-5701e4c0caac,3b1d0d7f-065b-4c29-8d72-909f0b3d7308,/root/capsule/data/behavior_800886_2025-08-26_13-15-13/behavior-videos/side_camera_right.mp4,2853470,0.0019999768702423345,,,trigger_log,refuse: harp_evenly_spaced,refused,ValueError: harp_evenly_spaced failed: steps off by > 0.5 frame: 2,harp_evenly_spaced,0,,11,0,,,,,,,2853470,2853470,behavior_800886_2025-08-26_13-15-13_motionenergy_2026-09-29_06-00-03
behavior_800886_2025-08-28_13-17-08,800886,BottomCamera,bottom_camera,flat,b47b6ca1-7343-46b8-a1ac-d31643376499,b6524976-d5c6-4583-a649-c6eaacd95f50,/root/capsule/data/behavior_800886_2025-08-28_13-17-08/behavior-videos/bottom_camera.mp4,2622435,0.0019999754487624376,4145683.5416,4150928.345216,trigger_log,use harp as written,ok,,,0,,14,0,2622435.0,0.0,0.0,0.0,0.0,True,2622435,2622435,behavior_800886_2025-08-28_13-17-08_motionenergy_2026-09-29_06-00-10
behavior_800886_2025-08-28_13-17-08,800886,SideCameraRight,side_camera_right,flat,b47b6ca1-7343-46b8-a1ac-d31643376499,b6524976-d5c6-4583-a649-c6eaacd95f50,/root/capsule/data/behavior_800886_2025-08-28_13-17-08/behavior-videos/side_camera_right.mp4,2622435,0.0019999754487624376,4145683.5416,4150928.345216,trigger_log,use harp as written,ok,,,0,,11,0,2622435.0,0.0,0.0,0.0,0.0,True,2622435,2622435,behavior_800886_2025-08-28_13-17-08_motionenergy_2026-09-29_06-00-10
behavior_800886_2025-09-11_13-52-51,800886,BottomCamera,bottom_camera,flat,7cedfba0-863c-44ed-af1f-d4ce9c6589a6,553fdbd9-7d6c-4ced-b9de-ee5b1c65c70b,/root/capsule/data/behavior_800886_2025-09-11_13-52-51/behavior-videos/bottom_camera.mp4,2627634,0.001999976599471876,5357433.924576,5362689.129088,trigger_log,use harp as written,ok,,,0,,14,0,2627634.0,0.0,0.0,0.0,0.0,True,2627634,2627634,behavior_800886_2025-09-11_13-52-51_motionenergy_2026-09-29_06-00-29
behavior_800886_2025-09-11_13-52-51,800886,SideCameraRight,side_camera_right,flat,7cedfba0-863c-44ed-af1f-d4ce9c6589a6,553fdbd9-7d6c-4ced-b9de-ee5b1c65c70b,/root/capsule/data/behavior_800886_2025-09-11_13-52-51/behavior-videos/side_camera_right.mp4,2627634,0.001999976599471876,5357433.924576,5362689.129088,trigger_log,use harp as written,ok,,,0,,11,0,2627634.0,0.0,0.0,0.0,0.0,True,2627634,2627634,behavior_800886_2025-09-11_13-52-51_motionenergy_2026-09-29_06-00-29
behavior_800886_2025-09-03_13-03-45,800886,BottomCamera,bottom_camera,flat,a48bbaab-9ac5-492f-bac0-34e13e1860ea,4855821f-5dec-43b1-8ce5-383c31f07a4d,/root/capsule/data/behavior_800886_2025-09-03_13-03-45/behavior-videos/bottom_camera.mp4,2672569,0.0019999777771792238,4663326.563584,4668671.640192,trigger_log,use harp as written,ok,,,0,,14,0,2672569.0,0.0,0.0,0.0,0.0,True,2672569,2672569,behavior_800886_2025-09-03_13-03-45_motionenergy_2026-09-29_06-00-16
behavior_800886_2025-09-03_13-03-45,800886,SideCameraRight,side_camera_right,flat,a48bbaab-9ac5-492f-bac0-34e13e1860ea,4855821f-5dec-43b1-8ce5-383c31f07a4d,/root/capsule/data/behavior_800886_2025-09-03_13-03-45/behavior-videos/side_camera_right.mp4,2672569,0.0019999777771792238,4663326.563584,4668671.640192,trigger_log,use harp as written,ok,,,0,,11,0,2672569.0,0.0,0.0,0.0,0.0,True,2672569,2672569,behavior_800886_2025-09-03_13-03-45_motionenergy_2026-09-29_06-00-16
behavior_818585_2025-12-16_09-49-11,818585,BottomCamera,bottom_camera,flat,afe93a8a-b89d-45c4-8ebe-99189e3f3c88,61e07d6d-efc6-44da-a320-566d0f04593e,/root/capsule/data/behavior_818585_2025-12-16_09-49-11/behavior-videos/bottom_camera.mp4,2071585,0.001999983718738811,2660212.258592,2664355.392864,trigger_log,use harp as written,ok,,,0,,12,0,2071585.0,0.0,0.0,0.0,0.0,True,2071585,2071585,behavior_818585_2025-12-16_09-49-11_motionenergy_2026-09-29_07-12-07
behavior_818585_2025-12-16_09-49-11,818585,SideCameraRight,side_camera_right,flat,afe93a8a-b89d-45c4-8ebe-99189e3f3c88,61e07d6d-efc6-44da-a320-566d0f04593e,/root/capsule/data/behavior_818585_2025-12-16_09-49-11/behavior-videos/side_camera_right.mp4,2071585,0.001999983718738811,2660212.258592,2664355.392864,trigger_log,use harp as written,ok,,,0,,9,0,2071585.0,0.0,0.0,0.0,0.0,True,2071585,2071585,behavior_818585_2025-12-16_09-49-11_motionenergy_2026-09-29_07-12-07
behavior_818585_2025-12-10_09-38-40,818585,BottomCamera,bottom_camera,flat,42c2eae6-53be-4346-b157-d61612fbb45c,51a7ac21-904e-4370-a35c-e67bef128fb8,/root/capsule/data/behavior_818585_2025-12-10_09-38-40/behavior-videos/bottom_camera.mp4,2561683,0.00199998597794625,,,trigger_log,refuse: harp_evenly_spaced,refused,ValueError: harp_evenly_spaced failed: steps off by > 0.5 frame: 1,harp_has_no_glitches;harp_evenly_spaced,0,177872,12,0,,,,,,,2561683,2561683,behavior_818585_2025-12-10_09-38-40_motionenergy_2026-09-29_07-18-15
behavior_818585_2025-12-10_09-38-40,818585,SideCameraRight,side_camera_right,flat,42c2eae6-53be-4346-b157-d61612fbb45c,51a7ac21-904e-4370-a35c-e67bef128fb8,/root/capsule/data/behavior_818585_2025-12-10_09-38-40/behavior-videos/side_camera_right.mp4,2561683,0.00199998597794625,,,trigger_log,refuse: harp_evenly_spaced,refused,ValueError: harp_evenly_spaced failed: steps off by > 0.5 frame: 1,harp_has_no_glitches;harp_evenly_spaced,0,177872,9,0,,,,,,,2561683,2561683,behavior_818585_2025-12-10_09-38-40_motionenergy_2026-09-29_07-18-15
behavior_818585_2025-12-22_13-10-50,818585,BottomCamera,bottom_camera,flat,fd7f9837-6d60-4e73-8e48-ca17fbddb610,1dc1ec83-3046-4a03-9725-89a8281f2ab1,/root/capsule/data/behavior_818585_2025-12-22_13-10-50/behavior-videos/bottom_camera.mp4,2433438,0.001999986054292703,1470302.1536,1475750.447136,trigger_log,re-index,ok,,no_frames_lost,290729,,13,0,2433438.0,0.0,0.0,0.0,0.0,True,2724167,2724167,behavior_818585_2025-12-22_13-10-50_motionenergy_2026-09-29_07-28-35
behavior_818585_2025-12-22_13-10-50,818585,SideCameraRight,side_camera_right,flat,fd7f9837-6d60-4e73-8e48-ca17fbddb610,1dc1ec83-3046-4a03-9725-89a8281f2ab1,/root/capsule/data/behavior_818585_2025-12-22_13-10-50/behavior-videos/side_camera_right.mp4,2434499,0.001999986066942741,1470302.1536,1475750.447136,trigger_log,re-index,ok,,no_frames_lost,289668,,16,0,2434499.0,0.0,0.0,0.0,0.0,True,2724167,2724167,behavior_818585_2025-12-22_13-10-50_motionenergy_2026-09-29_07-28-35
behavior_818585_2025-12-12_09-53-10,818585,BottomCamera,bottom_camera,flat,64f04de0-59c3-4dca-b903-4319bc630aaf,9a5a3e4f-3c01-4742-8167-97aa7070bb95,/root/capsule/data/behavior_818585_2025-12-12_09-53-10/behavior-videos/bottom_camera.mp4,2625905,0.0019999859979649244,2314851.436576,2320103.207808,trigger_log,use harp as written,ok,,,0,,12,0,2625905.0,0.0,0.0,0.0,0.0,True,2625905,2625905,behavior_818585_2025-12-12_09-53-10_motionenergy_2026-09-29_07-32-42
behavior_818585_2025-12-12_09-53-10,818585,SideCameraRight,side_camera_right,flat,64f04de0-59c3-4dca-b903-4319bc630aaf,9a5a3e4f-3c01-4742-8167-97aa7070bb95,/root/capsule/data/behavior_818585_2025-12-12_09-53-10/behavior-videos/side_camera_right.mp4,2625905,0.0019999859979649244,2314851.436576,2320103.207808,trigger_log,use harp as written,ok,,,0,,9,0,2625905.0,0.0,0.0,0.0,0.0,True,2625905,2625905,behavior_818585_2025-12-12_09-53-10_motionenergy_2026-09-29_07-32-42
behavior_818585_2025-12-15_09-45-47,818585,BottomCamera,bottom_camera,flat,f0ad20a5-0cda-4109-9384-02e990fb8167,3b275a12-8c14-4011-bb4a-bd0d12f6d95d,/root/capsule/data/behavior_818585_2025-12-15_09-45-47/behavior-videos/bottom_camera.mp4,2568392,0.0019999828499632634,2573601.524576,2578738.262528,trigger_log,use harp as written,ok,,,0,,12,0,2568392.0,0.0,0.0,0.0,0.0,True,2568392,2568392,behavior_818585_2025-12-15_09-45-47_motionenergy_2026-09-29_07-30-38
behavior_818585_2025-12-15_09-45-47,818585,SideCameraRight,side_camera_right,flat,f0ad20a5-0cda-4109-9384-02e990fb8167,3b275a12-8c14-4011-bb4a-bd0d12f6d95d,/root/capsule/data/behavior_818585_2025-12-15_09-45-47/behavior-videos/side_camera_right.mp4,2568392,0.0019999828499632634,2573601.524576,2578738.262528,trigger_log,use harp as written,ok,,,0,,9,0,2568392.0,0.0,0.0,0.0,0.0,True,2568392,2568392,behavior_818585_2025-12-15_09-45-47_motionenergy_2026-09-29_07-30-38
behavior_818585_2025-12-11_09-49-52,818585,BottomCamera,bottom_camera,flat,cc5eadea-08f6-405c-b294-04a0b0876959,b7b141d4-36bf-4470-9e22-e91b91dbe39a,/root/capsule/data/behavior_818585_2025-12-11_09-49-52/behavior-videos/bottom_camera.mp4,2612084,0.0019999851582050672,2228246.139584,2233470.266816,trigger_log,use harp as written,ok,,,0,,12,0,2612084.0,0.0,0.0,0.0,0.0,True,2612084,2612084,behavior_818585_2025-12-11_09-49-52_motionenergy_2026-09-29_07-22-22
behavior_818585_2025-12-11_09-49-52,818585,SideCameraRight,side_camera_right,flat,cc5eadea-08f6-405c-b294-04a0b0876959,b7b141d4-36bf-4470-9e22-e91b91dbe39a,/root/capsule/data/behavior_818585_2025-12-11_09-49-52/behavior-videos/side_camera_right.mp4,2612084,0.0019999851582050672,2228246.139584,2233470.266816,trigger_log,use harp as written,ok,,,0,,9,0,2612084.0,0.0,0.0,0.0,0.0,True,2612084,2612084,behavior_818585_2025-12-11_09-49-52_motionenergy_2026-09-29_07-22-22
behavior_818586_2025-12-22_11-02-52,818586,BottomCamera,bottom_camera,flat,eabe3e8f-0081-421c-9578-41d27a38abcf,851da79b-8b9c-42db-b802-aa06d03de0af,/root/capsule/data/behavior_818586_2025-12-22_11-02-52/behavior-videos/bottom_camera.mp4,2200360,0.0019999859441118474,1462618.9696,1467325.23456,trigger_log,re-index,ok,,no_frames_lost,152790,,13,0,2200360.0,0.0,0.0,0.0,0.0,True,2353150,2353150,behavior_818586_2025-12-22_11-02-52_motionenergy_2026-09-29_11-55-17
behavior_818586_2025-12-22_11-02-52,818586,SideCameraRight,side_camera_right,flat,eabe3e8f-0081-421c-9578-41d27a38abcf,851da79b-8b9c-42db-b802-aa06d03de0af,/root/capsule/data/behavior_818586_2025-12-22_11-02-52/behavior-videos/side_camera_right.mp4,2207348,0.0019999859451187295,1462618.9696,1467325.23456,trigger_log,re-index,ok,,no_frames_lost,145802,,16,0,2207348.0,0.0,0.0,0.0,0.0,True,2353150,2353150,behavior_818586_2025-12-22_11-02-52_motionenergy_2026-09-29_11-55-17
behavior_818585_2026-01-20_13-38-48,818585,BottomCamera,bottom_camera,flat,9fe06269-c4e3-4fad-ba77-a4b7178ef298,acfdc406-d747-41bb-a38a-6d017edf3066,/root/capsule/data/behavior_818585_2026-01-20_13-38-48/behavior-videos/bottom_camera.mp4,2592041,0.001999957815465841,5697921.155584,5703105.12624,trigger_log,use harp as written,ok,,,0,,9,0,2592041.0,0.0,0.0,0.0,0.0,True,2592041,2592041,behavior_818585_2026-01-20_13-38-48_motionenergy_2026-09-29_07-38-49
behavior_818585_2026-01-20_13-38-48,818585,SideCameraRight,side_camera_right,flat,9fe06269-c4e3-4fad-ba77-a4b7178ef298,acfdc406-d747-41bb-a38a-6d017edf3066,/root/capsule/data/behavior_818585_2026-01-20_13-38-48/behavior-videos/side_camera_right.mp4,2592041,0.001999957815465841,5697921.155584,5703105.12624,trigger_log,use harp as written,ok,,,0,,8,0,2592041.0,0.0,0.0,0.0,0.0,True,2592041,2592041,behavior_818585_2026-01-20_13-38-48_motionenergy_2026-09-29_07-38-49
behavior_818586_2025-12-24_11-03-38,818586,BottomCamera,bottom_camera,flat,8004b76b-609e-4390-a27e-669a0dbe4563,46ae4a45-14af-4a3e-b42c-0ee782c1f344,/root/capsule/data/behavior_818586_2025-12-24_11-03-38/behavior-videos/bottom_camera.mp4,2083551,0.001999987544335352,1635461.428576,1639911.06272,trigger_log,re-index,ok,,no_frames_lost,141281,,13,0,2083551.0,0.0,0.0,0.0,0.0,True,2224832,2224832,behavior_818586_2025-12-24_11-03-38_motionenergy_2026-09-29_11-57-22
behavior_818586_2025-12-24_11-03-38,818586,SideCameraRight,side_camera_right,flat,8004b76b-609e-4390-a27e-669a0dbe4563,46ae4a45-14af-4a3e-b42c-0ee782c1f344,/root/capsule/data/behavior_818586_2025-12-24_11-03-38/behavior-videos/side_camera_right.mp4,2084685,0.0019999875511109017,1635461.428576,1639911.06272,trigger_log,re-index,ok,,no_frames_lost,140147,,16,0,2084685.0,0.0,0.0,0.0,0.0,True,2224832,2224832,behavior_818586_2025-12-24_11-03-38_motionenergy_2026-09-29_11-57-22
behavior_818586_2026-01-02_11-11-54,818586,BottomCamera,bottom_camera,flat,96299123-0994-423b-9131-d81fd83af1fe,b547b9e6-c7ab-420a-82b1-4ce07157d2ba,/root/capsule/data/behavior_818586_2026-01-02_11-11-54/behavior-videos/bottom_camera.mp4,2605468,0.001999987675146086,2413564.010592,2419130.2184,trigger_log,re-index,ok,,no_frames_lost,177654,,13,0,2605468.0,0.0,0.0,0.0,0.0,True,2783122,2783122,behavior_818586_2026-01-02_11-11-54_motionenergy_2026-09-29_12-17-47
behavior_818586_2026-01-02_11-11-54,818586,SideCameraRight,side_camera_right,flat,96299123-0994-423b-9131-d81fd83af1fe,b547b9e6-c7ab-420a-82b1-4ce07157d2ba,/root/capsule/data/behavior_818586_2026-01-02_11-11-54/behavior-videos/side_camera_right.mp4,2606672,0.0019999876685626574,2413564.010592,2419130.2184,trigger_log,re-index,ok,,no_frames_lost,176450,,16,0,2606672.0,0.0,0.0,0.0,0.0,True,2783122,2783122,behavior_818586_2026-01-02_11-11-54_motionenergy_2026-09-29_12-17-47
behavior_818586_2026-01-07_09-56-16,818586,BottomCamera,bottom_camera,flat,337548a5-ec67-48b6-ab67-0771f5e9e707,90123b8e-a6b0-4b7f-b745-0deddb39e94e,/root/capsule/data/behavior_818586_2026-01-07_09-56-16/behavior-videos/bottom_camera.mp4,2639384,0.001999981480520319,3175972.162592,3181250.879712,trigger_log,use harp as written,ok,,,0,,8,0,2639384.0,0.0,0.0,0.0,0.0,True,2639384,2639384,behavior_818586_2026-01-07_09-56-16_motionenergy_2026-09-29_12-25-59
behavior_818586_2026-01-07_09-56-16,818586,SideCameraRight,side_camera_right,flat,337548a5-ec67-48b6-ab67-0771f5e9e707,90123b8e-a6b0-4b7f-b745-0deddb39e94e,/root/capsule/data/behavior_818586_2026-01-07_09-56-16/behavior-videos/side_camera_right.mp4,2639384,0.001999981480520319,3175972.162592,3181250.879712,trigger_log,use harp as written,ok,,,0,,6,0,2639384.0,0.0,0.0,0.0,0.0,True,2639384,2639384,behavior_818586_2026-01-07_09-56-16_motionenergy_2026-09-29_12-25-59
behavior_818586_2026-01-05_10-09-01,818586,BottomCamera,BottomCamera,nested,aa4bcfbf-dec4-454c-b7f5-4dd8d1564242,34bd6974-698d-4699-90bb-253894b94f16,/root/capsule/data/behavior_818586_2026-01-05_10-09-01/behavior-videos/BottomCamera/video.mp4,2610155,0.001999980139102855,3003940.954592,3009161.210752,trigger_log,use harp as written,ok,,,0,,8,0,2610155.0,0.0,0.0,0.0,0.0,True,2610155,2610155,behavior_818586_2026-01-05_10-09-01_motionenergy_2026-09-29_12-19-51
behavior_818586_2026-01-05_10-09-01,818586,SideCameraRight,SideCameraRight,nested,aa4bcfbf-dec4-454c-b7f5-4dd8d1564242,34bd6974-698d-4699-90bb-253894b94f16,/root/capsule/data/behavior_818586_2026-01-05_10-09-01/behavior-videos/SideCameraRight/video.mp4,2610155,0.001999980139102855,3003940.954592,3009161.210752,trigger_log,use harp as written,ok,,,0,,6,0,2610155.0,0.0,0.0,0.0,0.0,True,2610155,2610155,behavior_818586_2026-01-05_10-09-01_motionenergy_2026-09-29_12-19-51
behavior_818586_2026-01-08_08-45-11,818586,BottomCamera,bottom_camera,flat,f5dc315b-5e92-43bf-9e09-9a437034fe47,ea74a19b-5e6e-4082-9343-fc2bf12bd2ef,/root/capsule/data/behavior_818586_2026-01-08_08-45-11/behavior-videos/bottom_camera.mp4,2410836,0.001999978994829742,3258099.884576,3262921.503936,trigger_log,use harp as written,ok,,,0,,8,0,2410836.0,0.0,0.0,0.0,0.0,True,2410836,2410836,behavior_818586_2026-01-08_08-45-11_motionenergy_2026-09-29_12-13-42
behavior_818586_2026-01-08_08-45-11,818586,SideCameraRight,side_camera_right,flat,f5dc315b-5e92-43bf-9e09-9a437034fe47,ea74a19b-5e6e-4082-9343-fc2bf12bd2ef,/root/capsule/data/behavior_818586_2026-01-08_08-45-11/behavior-videos/side_camera_right.mp4,2410836,0.001999978994829742,3258099.884576,3262921.503936,trigger_log,use harp as written,ok,,,0,,6,0,2410836.0,0.0,0.0,0.0,0.0,True,2410836,2410836,behavior_818586_2026-01-08_08-45-11_motionenergy_2026-09-29_12-13-42
behavior_818586_2026-01-12_09-34-09,818586,BottomCamera,BottomCamera,nested,95855e60-1e7c-45c0-94a2-6e903388e1c4,b7fd1769-9e80-46db-ae57-3d008368fb6c,/root/capsule/data/behavior_818586_2026-01-12_09-34-09/behavior-videos/BottomCamera/video.mp4,2630585,0.001999978553811558,3606637.954592,3611899.066176,trigger_log,use harp as written,ok,,,0,,8,0,2630585.0,0.0,0.0,0.0,0.0,True,2630585,2630585,behavior_818586_2026-01-12_09-34-09_motionenergy_2026-09-29_12-30-07
behavior_818586_2026-01-12_09-34-09,818586,SideCameraRight,SideCameraRight,nested,95855e60-1e7c-45c0-94a2-6e903388e1c4,b7fd1769-9e80-46db-ae57-3d008368fb6c,/root/capsule/data/behavior_818586_2026-01-12_09-34-09/behavior-videos/SideCameraRight/video.mp4,2630585,0.001999978553811558,3606637.954592,3611899.066176,trigger_log,use harp as written,ok,,,0,,6,0,2630585.0,0.0,0.0,0.0,0.0,True,2630585,2630585,behavior_818586_2026-01-12_09-34-09_motionenergy_2026-09-29_12-30-07
behavior_818586_2026-01-09_09-23-20,818586,BottomCamera,bottom_camera,flat,979bcc32-aeb5-4600-9b9b-aaf8ba970999,21bc9fbd-6695-4640-8a0b-b0b63179632b,/root/capsule/data/behavior_818586_2026-01-09_09-23-20/behavior-videos/bottom_camera.mp4,2653190,0.001999976004724884,3346788.671584,3352094.98592,trigger_log,use harp as written,ok,,,0,,8,0,2653190.0,0.0,0.0,0.0,0.0,True,2653190,2653190,behavior_818586_2026-01-09_09-23-20_motionenergy_2026-09-29_12-28-03
behavior_818586_2026-01-09_09-23-20,818586,SideCameraRight,side_camera_right,flat,979bcc32-aeb5-4600-9b9b-aaf8ba970999,21bc9fbd-6695-4640-8a0b-b0b63179632b,/root/capsule/data/behavior_818586_2026-01-09_09-23-20/behavior-videos/side_camera_right.mp4,2653190,0.001999976004724884,3346788.671584,3352094.98592,trigger_log,use harp as written,ok,,,0,,6,0,2653190.0,0.0,0.0,0.0,0.0,True,2653190,2653190,behavior_818586_2026-01-09_09-23-20_motionenergy_2026-09-29_12-28-03
behavior_818586_2026-01-13_09-25-36,818586,BottomCamera,BottomCamera,nested,f2bc3f41-e96c-405a-a33c-cb4692c60e31,f3f4a3b0-c546-4d65-a2de-8e4e91dd9087,/root/capsule/data/behavior_818586_2026-01-13_09-25-36/behavior-videos/BottomCamera/video.mp4,2609874,0.0019999769674617493,3692523.256576,3697742.942464,trigger_log,use harp as written,ok,,,0,,8,0,2609874.0,0.0,0.0,0.0,0.0,True,2609874,2609874,behavior_818586_2026-01-13_09-25-36_motionenergy_2026-09-29_12-32-10
behavior_818586_2026-01-13_09-25-36,818586,SideCameraRight,SideCameraRight,nested,f2bc3f41-e96c-405a-a33c-cb4692c60e31,f3f4a3b0-c546-4d65-a2de-8e4e91dd9087,/root/capsule/data/behavior_818586_2026-01-13_09-25-36/behavior-videos/SideCameraRight/video.mp4,2609874,0.0019999769674617493,3692523.256576,3697742.942464,trigger_log,use harp as written,ok,,,0,,7,0,2609874.0,0.0,0.0,0.0,0.0,True,2609874,2609874,behavior_818586_2026-01-13_09-25-36_motionenergy_2026-09-29_12-32-10
behavior_818586_2026-01-16_09-19-39,818586,BottomCamera,bottom_camera,flat,95672338-5f51-4497-bda0-a93bf4bbec44,38ac0a9b-a1ea-420d-a7be-2e6fad8b0860,/root/capsule/data/behavior_818586_2026-01-16_09-19-39/behavior-videos/bottom_camera.mp4,2622350,0.001999978748824127,,,trigger_log,use harp as written,refused,"ValueError: Trigger log has 2623676 events but the frame numbers span 2622350 exposures: frames lost before the first or after the last saved row, or corrupted frame numbers",,0,,8,0,,,,,,,2623676,2622350,behavior_818586_2026-01-16_09-19-39_motionenergy_2026-09-29_13-04-28
behavior_818586_2026-01-16_09-19-39,818586,SideCameraRight,side_camera_right,flat,95672338-5f51-4497-bda0-a93bf4bbec44,38ac0a9b-a1ea-420d-a7be-2e6fad8b0860,/root/capsule/data/behavior_818586_2026-01-16_09-19-39/behavior-videos/side_camera_right.mp4,2622348,0.001999978748807847,,,trigger_log,use harp as written,refused,"ValueError: Trigger log has 2623676 events but the frame numbers span 2622348 exposures: frames lost before the first or after the last saved row, or corrupted frame numbers",,0,,6,0,,,,,,,2623676,2622348,behavior_818586_2026-01-16_09-19-39_motionenergy_2026-09-29_13-04-28
behavior_818586_2026-01-15_09-18-12,818586,BottomCamera,bottom_camera,flat,33981e8d-7b7e-4fd0-8418-b8438185f94a,80115590-cf82-4b72-94c6-ab4cefa83b7c,/root/capsule/data/behavior_818586_2026-01-15_09-18-12/behavior-videos/bottom_camera.mp4,2617921,0.0019999777777778465,3864880.878592,3870116.660416,trigger_log,use harp as written,ok,,,0,,8,0,2617921.0,0.0,0.0,0.0,0.0,True,2617921,2617921,behavior_818586_2026-01-15_09-18-12_motionenergy_2026-09-29_12-21-55
behavior_818586_2026-01-15_09-18-12,818586,SideCameraRight,side_camera_right,flat,33981e8d-7b7e-4fd0-8418-b8438185f94a,80115590-cf82-4b72-94c6-ab4cefa83b7c,/root/capsule/data/behavior_818586_2026-01-15_09-18-12/behavior-videos/side_camera_right.mp4,2617921,0.0019999777777778465,3864880.878592,3870116.660416,trigger_log,use harp as written,ok,,,0,,6,0,2617921.0,0.0,0.0,0.0,0.0,True,2617921,2617921,behavior_818586_2026-01-15_09-18-12_motionenergy_2026-09-29_12-21-55
behavior_818586_2026-01-14_10-02-19,818586,BottomCamera,bottom_camera,flat,6074c7b3-cd85-43cc-832b-9959cb9e9cf4,6ecc9044-bfef-45e8-bfcc-09fd710c4da5,/root/capsule/data/behavior_818586_2026-01-14_10-02-19/behavior-videos/bottom_camera.mp4,2633210,0.0019999778521187497,3781130.656576,3786397.016256,trigger_log,use harp as written,ok,,,0,,8,0,2633210.0,0.0,0.0,0.0,0.0,True,2633210,2633210,behavior_818586_2026-01-14_10-02-19_motionenergy_2026-09-29_12-30-08
behavior_818586_2026-01-14_10-02-19,818586,SideCameraRight,side_camera_right,flat,6074c7b3-cd85-43cc-832b-9959cb9e9cf4,6ecc9044-bfef-45e8-bfcc-09fd710c4da5,/root/capsule/data/behavior_818586_2026-01-14_10-02-19/behavior-videos/side_camera_right.mp4,2633210,0.0019999778521187497,3781130.656576,3786397.016256,trigger_log,use harp as written,ok,,,0,,6,0,2633210.0,0.0,0.0,0.0,0.0,True,2633210,2633210,behavior_818586_2026-01-14_10-02-19_motionenergy_2026-09-29_12-30-08
behavior_818586_2026-01-21_09-43-54,818586,BottomCamera,BottomCamera,nested,b369b3ed-6088-42c3-95b2-67382c34f729,2056aa82-6f97-485e-a1b0-8162e07d5b98,/root/capsule/data/behavior_818586_2026-01-21_09-43-54/behavior-videos/BottomCamera/video.mp4,2517841,0.0019999798303150214,4384821.020576,4389856.64976,trigger_log,fix glitches,ok,,harp_has_no_glitches,0,1282502,8,0,2517840.0,0.0,0.0,0.0,1.0,True,2517841,2517841,behavior_818586_2026-01-21_09-43-54_motionenergy_2026-09-29_13-34-46
behavior_818586_2026-01-21_09-43-54,818586,SideCameraRight,SideCameraRight,nested,b369b3ed-6088-42c3-95b2-67382c34f729,2056aa82-6f97-485e-a1b0-8162e07d5b98,/root/capsule/data/behavior_818586_2026-01-21_09-43-54/behavior-videos/SideCameraRight/video.mp4,2517841,0.0019999798303150214,4384821.020576,4389856.64976,trigger_log,fix glitches,ok,,harp_has_no_glitches,0,1282502,7,0,2517840.0,0.0,0.0,0.0,1.0,True,2517841,2517841,behavior_818586_2026-01-21_09-43-54_motionenergy_2026-09-29_13-34-46
behavior_818586_2026-01-20_08-39-29,818586,BottomCamera,BottomCamera,nested,d41475f5-be3b-416d-95d6-3477538cdff1,b38e6ac2-e425-4f91-9dfd-9fbc038d23e4,/root/capsule/data/behavior_818586_2026-01-20_08-39-29/behavior-videos/BottomCamera/video.mp4,2648250,0.00199997937958257,4294555.798592,4299852.241984,trigger_log,use harp as written,ok,,,0,,8,0,2648250.0,0.0,0.0,0.0,0.0,True,2648250,2648250,behavior_818586_2026-01-20_08-39-29_motionenergy_2026-09-29_13-34-45
behavior_818586_2026-01-20_08-39-29,818586,SideCameraRight,SideCameraRight,nested,d41475f5-be3b-416d-95d6-3477538cdff1,b38e6ac2-e425-4f91-9dfd-9fbc038d23e4,/root/capsule/data/behavior_818586_2026-01-20_08-39-29/behavior-videos/SideCameraRight/video.mp4,2648250,0.00199997937958257,4294555.798592,4299852.241984,trigger_log,use harp as written,ok,,,0,,7,0,2648250.0,0.0,0.0,0.0,0.0,True,2648250,2648250,behavior_818586_2026-01-20_08-39-29_motionenergy_2026-09-29_13-34-45
behavior_818586_2026-01-22_08-35-28,818586,BottomCamera,BottomCamera,nested,6c7c34dc-3c5b-465e-aafa-8a6c8bd33935,2b453a46-86f2-495c-aefc-4daea7664624,/root/capsule/data/behavior_818586_2026-01-22_08-35-28/behavior-videos/BottomCamera/video.mp4,2630960,0.0019999794143503464,4467115.478592,4472377.342432,trigger_log,use harp as written,ok,,,0,,8,0,2630960.0,0.0,0.0,0.0,0.0,True,2630960,2630960,behavior_818586_2026-01-22_08-35-28_motionenergy_2026-09-29_13-36-49
behavior_818586_2026-01-22_08-35-28,818586,SideCameraRight,SideCameraRight,nested,6c7c34dc-3c5b-465e-aafa-8a6c8bd33935,2b453a46-86f2-495c-aefc-4daea7664624,/root/capsule/data/behavior_818586_2026-01-22_08-35-28/behavior-videos/SideCameraRight/video.mp4,2630960,0.0019999794143503464,4467115.478592,4472377.342432,trigger_log,use harp as written,ok,,,0,,7,0,2630960.0,0.0,0.0,0.0,0.0,True,2630960,2630960,behavior_818586_2026-01-22_08-35-28_motionenergy_2026-09-29_13-36-49
behavior_818586_2026-01-27_09-21-21,818586,BottomCamera,BottomCamera,nested,7fe5bf8d-b808-4fae-af2f-bfe60dc69ce9,f78661b4-0d88-4d87-b31d-71e4ea88b46a,/root/capsule/data/behavior_818586_2026-01-27_09-21-21/behavior-videos/BottomCamera/video.mp4,2349470,0.0019999803666275015,4901868.802592,4906567.694464,trigger_log,use harp as written,ok,,,0,,8,0,2349470.0,0.0,0.0,0.0,0.0,True,2349470,2349470,behavior_818586_2026-01-27_09-21-21_motionenergy_2026-09-29_13-34-48
behavior_818586_2026-01-27_09-21-21,818586,SideCameraRight,SideCameraRight,nested,7fe5bf8d-b808-4fae-af2f-bfe60dc69ce9,f78661b4-0d88-4d87-b31d-71e4ea88b46a,/root/capsule/data/behavior_818586_2026-01-27_09-21-21/behavior-videos/SideCameraRight/video.mp4,2349470,0.0019999803666275015,4901868.802592,4906567.694464,trigger_log,use harp as written,ok,,,0,,7,0,2349470.0,0.0,0.0,0.0,0.0,True,2349470,2349470,behavior_818586_2026-01-27_09-21-21_motionenergy_2026-09-29_13-34-48
behavior_818586_2026-01-23_09-02-54,818586,BottomCamera,BottomCamera,nested,c926c31b-0cab-4e26-957d-e907474ab3e9,3f9559c8-b04f-4ff7-89f5-adf98d49943b,/root/capsule/data/behavior_818586_2026-01-23_09-02-54/behavior-videos/BottomCamera/video.mp4,2650940,0.0019999787124487323,4555160.240576,4560462.062144,trigger_log,use harp as written,ok,,,0,,8,0,2650940.0,0.0,0.0,0.0,0.0,True,2650940,2650940,behavior_818586_2026-01-23_09-02-54_motionenergy_2026-09-29_13-38-51
behavior_818586_2026-01-23_09-02-54,818586,SideCameraRight,SideCameraRight,nested,c926c31b-0cab-4e26-957d-e907474ab3e9,3f9559c8-b04f-4ff7-89f5-adf98d49943b,/root/capsule/data/behavior_818586_2026-01-23_09-02-54/behavior-videos/SideCameraRight/video.mp4,2650940,0.0019999787124487323,4555160.240576,4560462.062144,trigger_log,use harp as written,ok,,,0,,7,0,2650940.0,0.0,0.0,0.0,0.0,True,2650940,2650940,behavior_818586_2026-01-23_09-02-54_motionenergy_2026-09-29_13-38-51
behavior_818586_2026-01-28_09-13-06,818586,BottomCamera,BottomCamera,nested,2fa2261c-9c82-471c-aa54-e1299a754625,df1bdeb3-31b6-4051-85fd-ec7d3d8c7b33,/root/capsule/data/behavior_818586_2026-01-28_09-13-06/behavior-videos/BottomCamera/video.mp4,2177515,0.001999979102755884,4987772.550592,4992127.533088,trigger_log,fix glitches,ok,,harp_has_no_glitches,0,747732,8,0,2177514.0,0.0,0.0,0.0,1.0,True,2177515,2177515,behavior_818586_2026-01-28_09-13-06_motionenergy_2026-09-29_13-38-53
behavior_818586_2026-01-28_09-13-06,818586,SideCameraRight,SideCameraRight,nested,2fa2261c-9c82-471c-aa54-e1299a754625,df1bdeb3-31b6-4051-85fd-ec7d3d8c7b33,/root/capsule/data/behavior_818586_2026-01-28_09-13-06/behavior-videos/SideCameraRight/video.mp4,2177515,0.001999979102755884,4987772.550592,4992127.533088,trigger_log,fix glitches,ok,,harp_has_no_glitches,0,747732,7,0,2177514.0,0.0,0.0,0.0,1.0,True,2177515,2177515,behavior_818586_2026-01-28_09-13-06_motionenergy_2026-09-29_13-38-53
behavior_818586_2026-01-26_09-29-12,818586,BottomCamera,BottomCamera,nested,53d3ac07-c88f-455a-9805-df32c813ed30,69c4212c-9ece-4e13-93f2-8779b9ffb4e2,/root/capsule/data/behavior_818586_2026-01-26_09-29-12/behavior-videos/BottomCamera/video.mp4,2653878,0.001999979531831962,4815938.383584,4821246.083264,trigger_log,use harp as written,ok,,,0,,8,0,2653878.0,0.0,0.0,0.0,0.0,True,2653878,2653878,behavior_818586_2026-01-26_09-29-12_motionenergy_2026-09-29_13-40-54
behavior_818586_2026-01-26_09-29-12,818586,SideCameraRight,SideCameraRight,nested,53d3ac07-c88f-455a-9805-df32c813ed30,69c4212c-9ece-4e13-93f2-8779b9ffb4e2,/root/capsule/data/behavior_818586_2026-01-26_09-29-12/behavior-videos/SideCameraRight/video.mp4,2653878,0.001999979531831962,4815938.383584,4821246.083264,trigger_log,use harp as written,ok,,,0,,7,0,2653878.0,0.0,0.0,0.0,0.0,True,2653878,2653878,behavior_818586_2026-01-26_09-29-12_motionenergy_2026-09-29_13-40-54
behavior_818586_2026-02-03_08-58-56,818586,BottomCamera,BottomCamera,nested,e6e85b5f-abda-4b76-b857-5f3296b0f301,5c078324-f4cd-4341-84af-7d53a95bb233,/root/capsule/data/behavior_818586_2026-02-03_08-58-56/behavior-videos/BottomCamera/video.mp4,1367637,0.001999986569525602,5505330.820576,5508066.074208,trigger_log,use harp as written,ok,,,0,,8,0,1367637.0,0.0,0.0,0.0,0.0,True,1367637,1367637,behavior_818586_2026-02-03_08-58-56_motionenergy_2026-09-29_13-10-33
behavior_818586_2026-02-03_08-58-56,818586,SideCameraRight,SideCameraRight,nested,e6e85b5f-abda-4b76-b857-5f3296b0f301,5c078324-f4cd-4341-84af-7d53a95bb233,/root/capsule/data/behavior_818586_2026-02-03_08-58-56/behavior-videos/SideCameraRight/video.mp4,1367637,0.001999986569525602,5505330.820576,5508066.074208,trigger_log,use harp as written,ok,,,0,,6,0,1367637.0,0.0,0.0,0.0,0.0,True,1367637,1367637,behavior_818586_2026-02-03_08-58-56_motionenergy_2026-09-29_13-10-33
behavior_818586_2026-01-29_09-33-28,818586,BottomCamera,BottomCamera,nested,98b4eeeb-89a8-42ec-9ddf-de7d883a2fd7,9a661aa7-6384-4fe5-a812-e230e1483cac,/root/capsule/data/behavior_818586_2026-01-29_09-33-28/behavior-videos/BottomCamera/video.mp4,2592505,0.0019999794731272516,5075396.038592,5080580.993376,trigger_log,use harp as written,ok,,,0,,8,0,2592505.0,0.0,0.0,0.0,0.0,True,2592505,2592505,behavior_818586_2026-01-29_09-33-28_motionenergy_2026-09-29_13-54-59
behavior_818586_2026-01-29_09-33-28,818586,SideCameraRight,SideCameraRight,nested,98b4eeeb-89a8-42ec-9ddf-de7d883a2fd7,9a661aa7-6384-4fe5-a812-e230e1483cac,/root/capsule/data/behavior_818586_2026-01-29_09-33-28/behavior-videos/SideCameraRight/video.mp4,2592505,0.0019999794731272516,5075396.038592,5080580.993376,trigger_log,use harp as written,ok,,,0,,7,0,2592505.0,0.0,0.0,0.0,0.0,True,2592505,2592505,behavior_818586_2026-01-29_09-33-28_motionenergy_2026-09-29_13-54-59
behavior_818586_2026-01-30_09-36-27,818586,BottomCamera,BottomCamera,nested,d7dc6098-dadf-4de6-a25a-b376eb250229,30eabcf9-c4e1-4e97-816f-d6d7d4be038e,/root/capsule/data/behavior_818586_2026-01-30_09-36-27/behavior-videos/BottomCamera/video.mp4,2611508,0.0019999792855237082,5161973.406592,5167196.366496,trigger_log,use harp as written,ok,,,0,,8,0,2611508.0,0.0,0.0,0.0,0.0,True,2611508,2611508,behavior_818586_2026-01-30_09-36-27_motionenergy_2026-09-29_13-44-57
behavior_818586_2026-01-30_09-36-27,818586,SideCameraRight,SideCameraRight,nested,d7dc6098-dadf-4de6-a25a-b376eb250229,30eabcf9-c4e1-4e97-816f-d6d7d4be038e,/root/capsule/data/behavior_818586_2026-01-30_09-36-27/behavior-videos/SideCameraRight/video.mp4,2611508,0.0019999792855237082,5161973.406592,5167196.366496,trigger_log,use harp as written,ok,,,0,,7,0,2611508.0,0.0,0.0,0.0,0.0,True,2611508,2611508,behavior_818586_2026-01-30_09-36-27_motionenergy_2026-09-29_13-44-57
behavior_818586_2026-02-04_09-06-30,818586,BottomCamera,BottomCamera,nested,ddfdcb69-a761-4b27-938d-940d4468dff8,f34165bb-7d76-4df6-a8d2-518382dc8999,/root/capsule/data/behavior_818586_2026-02-04_09-06-30/behavior-videos/BottomCamera/video.mp4,2695445,0.0019999834149771996,5592184.6656,5597575.508896,trigger_log,use harp as written,ok,,,0,,8,0,2695445.0,0.0,0.0,0.0,0.0,True,2695445,2695445,behavior_818586_2026-02-04_09-06-30_motionenergy_2026-09-29_14-05-02
behavior_818586_2026-02-04_09-06-30,818586,SideCameraRight,SideCameraRight,nested,ddfdcb69-a761-4b27-938d-940d4468dff8,f34165bb-7d76-4df6-a8d2-518382dc8999,/root/capsule/data/behavior_818586_2026-02-04_09-06-30/behavior-videos/SideCameraRight/video.mp4,2695445,0.0019999834149771996,5592184.6656,5597575.508896,trigger_log,use harp as written,ok,,,0,,6,0,2695445.0,0.0,0.0,0.0,0.0,True,2695445,2695445,behavior_818586_2026-02-04_09-06-30_motionenergy_2026-09-29_14-05-02
behavior_808054_2025-09-02_10-38-37,808054,BottomCamera,bottom_camera,flat,f6ee028f-0bfe-46a1-9bd8-16749e9b2e33,5c6a3cc8-7f70-4bed-863a-4c2f2f6fcd7b,/root/capsule/data/behavior_808054_2025-09-02_10-38-37/behavior-videos/bottom_camera.mp4,2745783,0.001999984931069148,11561496.903584,11566988.426208,trigger_log,use harp as written,ok,,,0,,10,0,2745783.0,0.0,0.0,0.0,0.0,True,2745783,2745783,behavior_808054_2025-09-02_10-38-37_motionenergy_2026-09-29_17-40-32
behavior_808054_2025-09-02_10-38-37,808054,SideCameraRight,side_camera_right,flat,f6ee028f-0bfe-46a1-9bd8-16749e9b2e33,5c6a3cc8-7f70-4bed-863a-4c2f2f6fcd7b,/root/capsule/data/behavior_808054_2025-09-02_10-38-37/behavior-videos/side_camera_right.mp4,2745783,0.001999984931069148,11561496.903584,11566988.426208,trigger_log,use harp as written,ok,,,0,,12,0,2745783.0,0.0,0.0,0.0,0.0,True,2745783,2745783,behavior_808054_2025-09-02_10-38-37_motionenergy_2026-09-29_17-40-32
behavior_808054_2025-09-03_09-59-42,808054,BottomCamera,bottom_camera,flat,168dff12-50e4-4129-99ae-d8e25151c5c7,601143a5-a6ce-4154-a4a8-51c8886456b1,/root/capsule/data/behavior_808054_2025-09-03_09-59-42/behavior-videos/bottom_camera.mp4,2642726,0.001999983998334859,11645561.791584,11650847.199296,trigger_log,use harp as written,ok,,,0,,10,0,2642726.0,0.0,0.0,0.0,0.0,True,2642726,2642726,behavior_808054_2025-09-03_09-59-42_motionenergy_2026-09-29_17-34-27
behavior_808054_2025-09-03_09-59-42,808054,SideCameraRight,side_camera_right,flat,168dff12-50e4-4129-99ae-d8e25151c5c7,601143a5-a6ce-4154-a4a8-51c8886456b1,/root/capsule/data/behavior_808054_2025-09-03_09-59-42/behavior-videos/side_camera_right.mp4,2642726,0.001999983998334859,11645561.791584,11650847.199296,trigger_log,use harp as written,ok,,,0,,12,0,2642726.0,0.0,0.0,0.0,0.0,True,2642726,2642726,behavior_808054_2025-09-03_09-59-42_motionenergy_2026-09-29_17-34-27
behavior_808054_2025-09-05_10-34-31,808054,BottomCamera,bottom_camera,flat,cde7f3c6-7251-42a1-afd5-3f24dd679d86,04ee59a6-eac5-48cd-b3b9-e54aacbb1608,/root/capsule/data/behavior_808054_2025-09-05_10-34-31/behavior-videos/bottom_camera.mp4,2595384,0.001999986184697858,11820446.800576,11825637.53072,trigger_log,use harp as written,ok,,,0,,10,0,2595384.0,0.0,0.0,0.0,0.0,True,2595384,2595384,behavior_808054_2025-09-05_10-34-31_motionenergy_2026-09-29_17-24-20
behavior_808054_2025-09-05_10-34-31,808054,SideCameraRight,side_camera_right,flat,cde7f3c6-7251-42a1-afd5-3f24dd679d86,04ee59a6-eac5-48cd-b3b9-e54aacbb1608,/root/capsule/data/behavior_808054_2025-09-05_10-34-31/behavior-videos/side_camera_right.mp4,2595384,0.001999986184697858,11820446.800576,11825637.53072,trigger_log,use harp as written,ok,,,0,,12,0,2595384.0,0.0,0.0,0.0,0.0,True,2595384,2595384,behavior_808054_2025-09-05_10-34-31_motionenergy_2026-09-29_17-24-20
behavior_808054_2025-09-04_10-31-27,808054,BottomCamera,bottom_camera,flat,40e4fe64-a3fd-433b-9da3-502d04d07c25,15ca6333-53bb-4412-b034-c2b7b80342c2,/root/capsule/data/behavior_808054_2025-09-04_10-31-27/behavior-videos/bottom_camera.mp4,2602427,0.001999985060082219,11733862.924608,11739067.737728,trigger_log,fix glitches,ok,,harp_has_no_glitches,0,2260054,10,0,2602426.0,0.0,0.0,0.0,1.0,True,2602427,2602427,behavior_808054_2025-09-04_10-31-27_motionenergy_2026-09-29_17-34-29
behavior_808054_2025-09-04_10-31-27,808054,SideCameraRight,side_camera_right,flat,40e4fe64-a3fd-433b-9da3-502d04d07c25,15ca6333-53bb-4412-b034-c2b7b80342c2,/root/capsule/data/behavior_808054_2025-09-04_10-31-27/behavior-videos/side_camera_right.mp4,2602427,0.001999985060082219,11733862.924608,11739067.737728,trigger_log,fix glitches,ok,,harp_has_no_glitches,0,2260054,12,0,2602426.0,0.0,0.0,0.0,1.0,True,2602427,2602427,behavior_808054_2025-09-04_10-31-27_motionenergy_2026-09-29_17-34-29
behavior_808054_2025-09-09_10-37-08,808054,BottomCamera,bottom_camera,flat,2d0d811a-949d-4f28-ac3f-9ef9229faf99,354e493f-285d-4988-9ee9-b2e3ca65dc0d,/root/capsule/data/behavior_808054_2025-09-09_10-37-08/behavior-videos/bottom_camera.mp4,2684559,0.0019999846589160084,,,trigger_log,refuse: harp_evenly_spaced,refused,ValueError: harp_evenly_spaced failed: steps off by > 0.5 frame: 2,harp_evenly_spaced,0,,10,0,,,,,,,2684559,2684559,behavior_808054_2025-09-09_10-37-08_motionenergy_2026-09-29_17-26-25
behavior_808054_2025-09-09_10-37-08,808054,SideCameraRight,side_camera_right,flat,2d0d811a-949d-4f28-ac3f-9ef9229faf99,354e493f-285d-4988-9ee9-b2e3ca65dc0d,/root/capsule/data/behavior_808054_2025-09-09_10-37-08/behavior-videos/side_camera_right.mp4,2684559,0.0019999846589160084,,,trigger_log,refuse: harp_evenly_spaced,refused,ValueError: harp_evenly_spaced failed: steps off by > 0.5 frame: 2,harp_evenly_spaced,0,,12,0,,,,,,,2684559,2684559,behavior_808054_2025-09-09_10-37-08_motionenergy_2026-09-29_17-26-25
behavior_808054_2025-09-08_10-33-04,808054,BottomCamera,bottom_camera,flat,76b94ed5-2713-4583-9ad4-d32b92c82c98,fa071c21-20f7-4e96-b8e3-949f9a2632fa,/root/capsule/data/behavior_808054_2025-09-08_10-33-04/behavior-videos/bottom_camera.mp4,3030689,0.0019999842675981353,12079564.352576,12085625.680896,trigger_log,use harp as written,ok,,,0,,10,0,3030689.0,0.0,0.0,0.0,0.0,True,3030689,3030689,behavior_808054_2025-09-08_10-33-04_motionenergy_2026-09-29_17-36-31
behavior_808054_2025-09-08_10-33-04,808054,SideCameraRight,side_camera_right,flat,76b94ed5-2713-4583-9ad4-d32b92c82c98,fa071c21-20f7-4e96-b8e3-949f9a2632fa,/root/capsule/data/behavior_808054_2025-09-08_10-33-04/behavior-videos/side_camera_right.mp4,3030689,0.0019999842675981353,12079564.352576,12085625.680896,trigger_log,use harp as written,ok,,,0,,12,0,3030689.0,0.0,0.0,0.0,0.0,True,3030689,3030689,behavior_808054_2025-09-08_10-33-04_motionenergy_2026-09-29_17-36-31
behavior_808054_2025-09-11_10-27-11,808054,BottomCamera,bottom_camera,flat,b8f9a12c-6955-4efb-8682-b8076043e706,134979f6-5918-4352-a692-511ce9c4868c,/root/capsule/data/behavior_808054_2025-09-11_10-27-11/behavior-videos/bottom_camera.mp4,2611178,0.0019999841236344393,12338407.078592,12343629.391136,trigger_log,use harp as written,ok,,,0,,10,0,2611178.0,0.0,0.0,0.0,0.0,True,2611178,2611178,behavior_808054_2025-09-11_10-27-11_motionenergy_2026-09-29_17-24-23
behavior_808054_2025-09-11_10-27-11,808054,SideCameraRight,side_camera_right,flat,b8f9a12c-6955-4efb-8682-b8076043e706,134979f6-5918-4352-a692-511ce9c4868c,/root/capsule/data/behavior_808054_2025-09-11_10-27-11/behavior-videos/side_camera_right.mp4,2611178,0.0019999841236344393,12338407.078592,12343629.391136,trigger_log,use harp as written,ok,,,0,,12,0,2611178.0,0.0,0.0,0.0,0.0,True,2611178,2611178,behavior_808054_2025-09-11_10-27-11_motionenergy_2026-09-29_17-24-23
behavior_808054_2025-09-12_10-24-04,808054,BottomCamera,bottom_camera,flat,f2ece161-9bf4-4e62-a45e-b628f89df790,534dc09d-ac8c-4b87-a68a-c91a863591dd,/root/capsule/data/behavior_808054_2025-09-12_10-24-04/behavior-videos/bottom_camera.mp4,2606265,0.0019999849347571512,12424619.872576,12429832.361312,trigger_log,use harp as written,ok,,,0,,10,0,2606265.0,0.0,0.0,0.0,0.0,True,2606265,2606265,behavior_808054_2025-09-12_10-24-04_motionenergy_2026-09-29_17-22-18
behavior_808054_2025-09-12_10-24-04,808054,SideCameraRight,side_camera_right,flat,f2ece161-9bf4-4e62-a45e-b628f89df790,534dc09d-ac8c-4b87-a68a-c91a863591dd,/root/capsule/data/behavior_808054_2025-09-12_10-24-04/behavior-videos/side_camera_right.mp4,2606265,0.0019999849347571512,12424619.872576,12429832.361312,trigger_log,use harp as written,ok,,,0,,12,0,2606265.0,0.0,0.0,0.0,0.0,True,2606265,2606265,behavior_808054_2025-09-12_10-24-04_motionenergy_2026-09-29_17-22-18
behavior_808054_2025-09-10_10-28-53,808054,BottomCamera,bottom_camera,flat,382c9677-d612-4d25-8f20-f6c4a7f17458,b92ef40e-f8fd-4321-9496-05589fd6cfc0,/root/capsule/data/behavior_808054_2025-09-10_10-28-53/behavior-videos/bottom_camera.mp4,2642091,0.0019999841216615005,12252111.2016,12257395.339648,trigger_log,use harp as written,ok,,,0,,10,0,2642091.0,0.0,0.0,0.0,0.0,True,2642091,2642091,behavior_808054_2025-09-10_10-28-53_motionenergy_2026-09-29_17-24-21
behavior_808054_2025-09-10_10-28-53,808054,SideCameraRight,side_camera_right,flat,382c9677-d612-4d25-8f20-f6c4a7f17458,b92ef40e-f8fd-4321-9496-05589fd6cfc0,/root/capsule/data/behavior_808054_2025-09-10_10-28-53/behavior-videos/side_camera_right.mp4,2642091,0.0019999841216615005,12252111.2016,12257395.339648,trigger_log,use harp as written,ok,,,0,,12,0,2642091.0,0.0,0.0,0.0,0.0,True,2642091,2642091,behavior_808054_2025-09-10_10-28-53_motionenergy_2026-09-29_17-24-21
behavior_808054_2025-09-15_10-40-01,808054,BottomCamera,bottom_camera,flat,69fdba8d-d7ef-4c75-b3dc-2ceb9d6b6350,5afc8bcf-8ff3-4f97-bf7b-53f5bccef47a,/root/capsule/data/behavior_808054_2025-09-15_10-40-01/behavior-videos/bottom_camera.mp4,2593753,0.0019999855653125486,12684778.106592,12689965.573152,trigger_log,use harp as written,ok,,,0,,10,0,2593753.0,0.0,0.0,0.0,0.0,True,2593753,2593753,behavior_808054_2025-09-15_10-40-01_motionenergy_2026-09-29_17-06-11
behavior_808054_2025-09-15_10-40-01,808054,SideCameraRight,side_camera_right,flat,69fdba8d-d7ef-4c75-b3dc-2ceb9d6b6350,5afc8bcf-8ff3-4f97-bf7b-53f5bccef47a,/root/capsule/data/behavior_808054_2025-09-15_10-40-01/behavior-videos/side_camera_right.mp4,2593753,0.0019999855653125486,12684778.106592,12689965.573152,trigger_log,use harp as written,ok,,,0,,12,0,2593753.0,0.0,0.0,0.0,0.0,True,2593753,2593753,behavior_808054_2025-09-15_10-40-01_motionenergy_2026-09-29_17-06-11
behavior_808054_2025-09-16_10-29-48,808054,BottomCamera,bottom_camera,flat,1559d136-0ad5-48d5-83af-a226c8e8fb6c,60c4a013-c756-4a09-9287-00a8dc4ee6cc,/root/capsule/data/behavior_808054_2025-09-16_10-29-48/behavior-videos/bottom_camera.mp4,2309487,0.0019999842042375403,12770562.870592,12775181.806112,trigger_log,fix glitches,ok,,harp_has_no_glitches,0,743070 1000072 1395575,10,0,2309484.0,0.0,0.0,0.0,3.0,True,2309487,2309487,behavior_808054_2025-09-16_10-29-48_motionenergy_2026-09-29_05-26-32
behavior_808054_2025-09-16_10-29-48,808054,SideCameraRight,side_camera_right,flat,1559d136-0ad5-48d5-83af-a226c8e8fb6c,60c4a013-c756-4a09-9287-00a8dc4ee6cc,/root/capsule/data/behavior_808054_2025-09-16_10-29-48/behavior-videos/side_camera_right.mp4,2309487,0.0019999842042375403,12770562.870592,12775181.806112,trigger_log,fix glitches,ok,,harp_has_no_glitches,0,743070 1000072 1395575,12,0,2309484.0,0.0,0.0,0.0,3.0,True,2309487,2309487,behavior_808054_2025-09-16_10-29-48_motionenergy_2026-09-29_05-26-32
behavior_808054_2025-09-17_10-29-46,808054,BottomCamera,bottom_camera,flat,b22e28c6-91b8-4e4e-80f3-aab5dac59809,bd322cb2-428a-426c-bc82-e084728aff43,/root/capsule/data/behavior_808054_2025-09-17_10-29-46/behavior-videos/bottom_camera.mp4,2675367,0.0019999844268030285,12856963.683584,12862314.37392,trigger_log,use harp as written,ok,,,0,,10,0,2675367.0,0.0,0.0,0.0,0.0,True,2675367,2675367,behavior_808054_2025-09-17_10-29-46_motionenergy_2026-09-29_05-50-07
behavior_808054_2025-09-17_10-29-46,808054,SideCameraRight,side_camera_right,flat,b22e28c6-91b8-4e4e-80f3-aab5dac59809,bd322cb2-428a-426c-bc82-e084728aff43,/root/capsule/data/behavior_808054_2025-09-17_10-29-46/behavior-videos/side_camera_right.mp4,2675367,0.0019999844268030285,12856963.683584,12862314.37392,trigger_log,use harp as written,ok,,,0,,12,0,2675367.0,0.0,0.0,0.0,0.0,True,2675367,2675367,behavior_808054_2025-09-17_10-29-46_motionenergy_2026-09-29_05-50-07
behavior_808054_2025-09-18_10-24-37,808054,BottomCamera,bottom_camera,flat,a61e4c07-0ebd-485a-a74b-eed4c1374d34,1dfa5272-9efb-4de7-bdbc-d2f95c633ec3,/root/capsule/data/behavior_808054_2025-09-18_10-24-37/behavior-videos/bottom_camera.mp4,2594751,0.00199998528721524,12943054.627584,12948244.089408,trigger_log,use harp as written,ok,,,0,,10,0,2594751.0,0.0,0.0,0.0,0.0,True,2594751,2594751,behavior_808054_2025-09-18_10-24-37_motionenergy_2026-09-29_05-50-13
behavior_808054_2025-09-18_10-24-37,808054,SideCameraRight,side_camera_right,flat,a61e4c07-0ebd-485a-a74b-eed4c1374d34,1dfa5272-9efb-4de7-bdbc-d2f95c633ec3,/root/capsule/data/behavior_808054_2025-09-18_10-24-37/behavior-videos/side_camera_right.mp4,2594751,0.00199998528721524,12943054.627584,12948244.089408,trigger_log,use harp as written,ok,,,0,,12,0,2594751.0,0.0,0.0,0.0,0.0,True,2594751,2594751,behavior_808054_2025-09-18_10-24-37_motionenergy_2026-09-29_05-50-13
behavior_808054_2025-09-26_11-02-53,808054,BottomCamera,bottom_camera,flat,99abb058-5e17-472e-bae7-23cb8f5f3a21,648041c4-8cb6-4c20-b068-bdc2ad965e63,/root/capsule/data/behavior_808054_2025-09-26_11-02-53/behavior-videos/bottom_camera.mp4,2416752,0.0019999896389822536,335311.364576,340466.984,trigger_log,re-index,ok,,no_frames_lost,161072,,13,0,2416752.0,0.0,0.0,0.0,0.0,True,2577824,2577824,behavior_808054_2025-09-26_11-02-53_motionenergy_2026-09-29_05-56-59
behavior_808054_2025-09-26_11-02-53,808054,SideCameraRight,side_camera_right,flat,99abb058-5e17-472e-bae7-23cb8f5f3a21,648041c4-8cb6-4c20-b068-bdc2ad965e63,/root/capsule/data/behavior_808054_2025-09-26_11-02-53/behavior-videos/side_camera_right.mp4,2411196,0.001999989628379284,335311.364576,340466.984,trigger_log,re-index,ok,,no_frames_lost,166628,,15,0,2411196.0,0.0,0.0,0.0,0.0,True,2577824,2577824,behavior_808054_2025-09-26_11-02-53_motionenergy_2026-09-29_05-56-59
behavior_809487_2025-09-22_11-43-21,809487,BottomCamera,bottom_camera,flat,cdf3af6a-5610-4491-b64b-7225ec02630f,f7e2ff6e-80af-49bd-8585-176cfc64a582,/root/capsule/data/behavior_809487_2025-09-22_11-43-21/behavior-videos/bottom_camera.mp4,2616614,0.0019999836674358573,16254978.662592,16260211.845856,trigger_log,use harp as written,ok,,,0,,8,0,2616614.0,0.0,0.0,0.0,0.0,True,2616614,2616614,behavior_809487_2025-09-22_11-43-21_motionenergy_2026-09-29_07-40-52
behavior_809487_2025-09-22_11-43-21,809487,SideCameraRight,side_camera_right,flat,cdf3af6a-5610-4491-b64b-7225ec02630f,f7e2ff6e-80af-49bd-8585-176cfc64a582,/root/capsule/data/behavior_809487_2025-09-22_11-43-21/behavior-videos/side_camera_right.mp4,2616614,0.0019999836674358573,16254978.662592,16260211.845856,trigger_log,use harp as written,ok,,,0,,6,0,2616614.0,0.0,0.0,0.0,0.0,True,2616614,2616614,behavior_809487_2025-09-22_11-43-21_motionenergy_2026-09-29_07-40-52
behavior_808054_2025-09-22_09-55-53,808054,BottomCamera,bottom_camera,flat,0fcc2589-9a97-4a9e-882c-2c9d1d2a4e74,69d809a4-6a7f-472b-a3fb-d9074de83073,/root/capsule/data/behavior_808054_2025-09-22_09-55-53/behavior-videos/bottom_camera.mp4,2769833,0.001999983687097752,13286928.126592,13292467.745408,trigger_log,use harp as written,ok,,,0,,10,0,2769833.0,0.0,0.0,0.0,0.0,True,2769833,2769833,behavior_808054_2025-09-22_09-55-53_motionenergy_2026-09-29_05-53-53
behavior_808054_2025-09-22_09-55-53,808054,SideCameraRight,side_camera_right,flat,0fcc2589-9a97-4a9e-882c-2c9d1d2a4e74,69d809a4-6a7f-472b-a3fb-d9074de83073,/root/capsule/data/behavior_808054_2025-09-22_09-55-53/behavior-videos/side_camera_right.mp4,2769833,0.001999983687097752,13286928.126592,13292467.745408,trigger_log,use harp as written,ok,,,0,,12,0,2769833.0,0.0,0.0,0.0,0.0,True,2769833,2769833,behavior_808054_2025-09-22_09-55-53_motionenergy_2026-09-29_05-53-53
behavior_808054_2025-09-23_10-41-05,808054,BottomCamera,bottom_camera,flat,7427ceef-1a73-4f68-9c0f-56f48847399d,e24d1ff2-615a-4e31-87fe-1e77f66c655e,/root/capsule/data/behavior_808054_2025-09-23_10-41-05/behavior-videos/bottom_camera.mp4,2755772,0.0019999810782539585,13376043.0616,13381554.551456,trigger_log,use harp as written,ok,,,0,,10,0,2755772.0,0.0,0.0,0.0,0.0,True,2755772,2755772,behavior_808054_2025-09-23_10-41-05_motionenergy_2026-09-29_05-56-52
behavior_808054_2025-09-23_10-41-05,808054,SideCameraRight,side_camera_right,flat,7427ceef-1a73-4f68-9c0f-56f48847399d,e24d1ff2-615a-4e31-87fe-1e77f66c655e,/root/capsule/data/behavior_808054_2025-09-23_10-41-05/behavior-videos/side_camera_right.mp4,2755772,0.0019999810782539585,13376043.0616,13381554.551456,trigger_log,use harp as written,ok,,,0,,12,0,2755772.0,0.0,0.0,0.0,0.0,True,2755772,2755772,behavior_808054_2025-09-23_10-41-05_motionenergy_2026-09-29_05-56-52
behavior_809487_2025-09-24_13-59-44,809487,BottomCamera,bottom_camera,flat,f2e86b61-debb-4227-9e64-7f815f7422c6,2ab93739-5b85-4e88-8df9-5cce2f6be4f8,/root/capsule/data/behavior_809487_2025-09-24_13-59-44/behavior-videos/bottom_camera.mp4,2698162,0.001999984611741524,16435959.994592,16441356.275072,trigger_log,use harp as written,ok,,,0,,8,0,2698162.0,0.0,0.0,0.0,0.0,True,2698162,2698162,behavior_809487_2025-09-24_13-59-44_motionenergy_2026-09-29_07-40-53
behavior_809487_2025-09-24_13-59-44,809487,SideCameraRight,side_camera_right,flat,f2e86b61-debb-4227-9e64-7f815f7422c6,2ab93739-5b85-4e88-8df9-5cce2f6be4f8,/root/capsule/data/behavior_809487_2025-09-24_13-59-44/behavior-videos/side_camera_right.mp4,2698162,0.001999984611741524,16435959.994592,16441356.275072,trigger_log,use harp as written,ok,,,0,,6,0,2698162.0,0.0,0.0,0.0,0.0,True,2698162,2698162,behavior_809487_2025-09-24_13-59-44_motionenergy_2026-09-29_07-40-53
behavior_809487_2025-09-25_13-59-05,809487,BottomCamera,bottom_camera,flat,71881773-68b7-48f2-8ccd-5acf02500f58,ba280290-d351-4014-812a-6c53e899f4f9,/root/capsule/data/behavior_809487_2025-09-25_13-59-05/behavior-videos/bottom_camera.mp4,2733032,0.0019999821033859755,16522320.4776,16527786.490688,trigger_log,use harp as written,ok,,,0,,8,0,2733032.0,0.0,0.0,0.0,0.0,True,2733032,2733032,behavior_809487_2025-09-25_13-59-05_motionenergy_2026-09-29_08-45-48
behavior_809487_2025-09-25_13-59-05,809487,SideCameraRight,side_camera_right,flat,71881773-68b7-48f2-8ccd-5acf02500f58,ba280290-d351-4014-812a-6c53e899f4f9,/root/capsule/data/behavior_809487_2025-09-25_13-59-05/behavior-videos/side_camera_right.mp4,2733032,0.0019999821033859755,16522320.4776,16527786.490688,trigger_log,use harp as written,ok,,,0,,6,0,2733032.0,0.0,0.0,0.0,0.0,True,2733032,2733032,behavior_809487_2025-09-25_13-59-05_motionenergy_2026-09-29_08-45-48
behavior_809487_2025-10-08_12-57-02,809487,BottomCamera,bottom_camera,flat,7588965b-3381-44a6-bbdf-26514b6221fa,19c4441a-3ec7-47d1-a762-52fefcab9fc2,/root/capsule/data/behavior_809487_2025-10-08_12-57-02/behavior-videos/bottom_camera.mp4,2413257,0.0019999833851038307,17641796.3776,17646622.849504,trigger_log,use harp as written,ok,,,0,,8,0,2413257.0,0.0,0.0,0.0,0.0,True,2413257,2413257,behavior_809487_2025-10-08_12-57-02_motionenergy_2026-09-29_08-47-52
behavior_809487_2025-10-08_12-57-02,809487,SideCameraRight,side_camera_right,flat,7588965b-3381-44a6-bbdf-26514b6221fa,19c4441a-3ec7-47d1-a762-52fefcab9fc2,/root/capsule/data/behavior_809487_2025-10-08_12-57-02/behavior-videos/side_camera_right.mp4,2413257,0.0019999833851038307,17641796.3776,17646622.849504,trigger_log,use harp as written,ok,,,0,,6,0,2413257.0,0.0,0.0,0.0,0.0,True,2413257,2413257,behavior_809487_2025-10-08_12-57-02_motionenergy_2026-09-29_08-47-52
behavior_809487_2025-09-29_14-11-52,809487,BottomCamera,bottom_camera,flat,844b3a81-0b7b-4ae9-bf17-87f7edf703ce,a9c74cf4-5874-43e4-92c9-4204f36c9c49,/root/capsule/data/behavior_809487_2025-09-29_14-11-52/behavior-videos/bottom_camera.mp4,2621997,0.001999982913780298,16868688.368576,16873932.315776,trigger_log,use harp as written,ok,,,0,,8,0,2621997.0,0.0,0.0,0.0,0.0,True,2621997,2621997,behavior_809487_2025-09-29_14-11-52_motionenergy_2026-09-29_08-41-43
behavior_809487_2025-09-29_14-11-52,809487,SideCameraRight,side_camera_right,flat,844b3a81-0b7b-4ae9-bf17-87f7edf703ce,a9c74cf4-5874-43e4-92c9-4204f36c9c49,/root/capsule/data/behavior_809487_2025-09-29_14-11-52/behavior-videos/side_camera_right.mp4,2621997,0.001999982913780298,16868688.368576,16873932.315776,trigger_log,use harp as written,ok,,,0,,6,0,2621997.0,0.0,0.0,0.0,0.0,True,2621997,2621997,behavior_809487_2025-09-29_14-11-52_motionenergy_2026-09-29_08-41-43
behavior_809487_2025-10-10_12-33-41,809487,BottomCamera,bottom_camera,flat,1ab35fe7-69fd-4477-8cca-870da27d846a,f0676c0e-895c-4723-8ea2-ad68c60b8740,/root/capsule/data/behavior_809487_2025-10-10_12-33-41/behavior-videos/bottom_camera.mp4,2741949,0.0019999851550798332,17813194.6536,17818678.508896,trigger_log,use harp as written,ok,,,0,,8,0,2741949.0,0.0,0.0,0.0,0.0,True,2741949,2741949,behavior_809487_2025-10-10_12-33-41_motionenergy_2026-09-29_09-06-18
behavior_809487_2025-10-10_12-33-41,809487,SideCameraRight,side_camera_right,flat,1ab35fe7-69fd-4477-8cca-870da27d846a,f0676c0e-895c-4723-8ea2-ad68c60b8740,/root/capsule/data/behavior_809487_2025-10-10_12-33-41/behavior-videos/side_camera_right.mp4,2741949,0.0019999851550798332,17813194.6536,17818678.508896,trigger_log,use harp as written,ok,,,0,,6,0,2741949.0,0.0,0.0,0.0,0.0,True,2741949,2741949,behavior_809487_2025-10-10_12-33-41_motionenergy_2026-09-29_09-06-18
behavior_809487_2025-09-26_12-43-39,809487,BottomCamera,bottom_camera,flat,00ff7047-118b-40e5-afe9-ec6df24fb0bd,401a4a6a-4970-4414-8096-352769ea801e,/root/capsule/data/behavior_809487_2025-09-26_12-43-39/behavior-videos/bottom_camera.mp4,2710950,0.001999984519073945,16604194.656576,16609616.512608,trigger_log,use harp as written,ok,,,0,,8,0,2710950.0,0.0,0.0,0.0,0.0,True,2710950,2710950,behavior_809487_2025-09-26_12-43-39_motionenergy_2026-09-29_08-56-00
behavior_809487_2025-09-26_12-43-39,809487,SideCameraRight,side_camera_right,flat,00ff7047-118b-40e5-afe9-ec6df24fb0bd,401a4a6a-4970-4414-8096-352769ea801e,/root/capsule/data/behavior_809487_2025-09-26_12-43-39/behavior-videos/side_camera_right.mp4,2710950,0.001999984519073945,16604194.656576,16609616.512608,trigger_log,use harp as written,ok,,,0,,6,0,2710950.0,0.0,0.0,0.0,0.0,True,2710950,2710950,behavior_809487_2025-09-26_12-43-39_motionenergy_2026-09-29_08-56-00
behavior_809487_2025-10-15_14-22-59,809487,BottomCamera,bottom_camera,flat,1f195652-a570-42c1-86c4-78c16b48b067,02a19f16-0841-4c8b-9021-3927bb00b947,/root/capsule/data/behavior_809487_2025-10-15_14-22-59/behavior-videos/bottom_camera.mp4,2566404,0.001999982923961399,18251751.7816,18256884.543776,trigger_log,use harp as written,ok,,,0,,8,0,2566404.0,0.0,0.0,0.0,0.0,True,2566404,2566404,behavior_809487_2025-10-15_14-22-59_motionenergy_2026-09-29_08-58-06
behavior_809487_2025-10-15_14-22-59,809487,SideCameraRight,side_camera_right,flat,1f195652-a570-42c1-86c4-78c16b48b067,02a19f16-0841-4c8b-9021-3927bb00b947,/root/capsule/data/behavior_809487_2025-10-15_14-22-59/behavior-videos/side_camera_right.mp4,2566404,0.001999982923961399,18251751.7816,18256884.543776,trigger_log,use harp as written,ok,,,0,,6,0,2566404.0,0.0,0.0,0.0,0.0,True,2566404,2566404,behavior_809487_2025-10-15_14-22-59_motionenergy_2026-09-29_08-58-06
behavior_809491_2025-10-01_09-33-38,809491,BottomCamera,bottom_camera,flat,f6aa250f-cf8c-4e5b-b7e9-2f4a4e196918,a2597fab-afad-4549-a62c-a4cf2625e1cb,/root/capsule/data/behavior_809491_2025-10-01_09-33-38/behavior-videos/bottom_camera.mp4,2618754,0.001999988812996298,7069894.903584,7075132.380288,trigger_log,use harp as written,ok,,,0,,12,0,2618754.0,0.0,0.0,0.0,0.0,True,2618754,2618754,behavior_809491_2025-10-01_09-33-38_motionenergy_2026-09-29_09-20-41
behavior_809491_2025-10-01_09-33-38,809491,SideCameraRight,side_camera_right,flat,f6aa250f-cf8c-4e5b-b7e9-2f4a4e196918,a2597fab-afad-4549-a62c-a4cf2625e1cb,/root/capsule/data/behavior_809491_2025-10-01_09-33-38/behavior-videos/side_camera_right.mp4,2618754,0.001999988812996298,7069894.903584,7075132.380288,trigger_log,use harp as written,ok,,,0,,8,0,2618754.0,0.0,0.0,0.0,0.0,True,2618754,2618754,behavior_809491_2025-10-01_09-33-38_motionenergy_2026-09-29_09-20-41
behavior_809491_2025-10-03_09-36-11,809491,BottomCamera,bottom_camera,flat,b9c33ac8-dbae-4352-8c73-6b294400da46,8c94c73e-81a7-4c22-af40-6ac1d55756c7,/root/capsule/data/behavior_809491_2025-10-03_09-36-11/behavior-videos/bottom_camera.mp4,2510262,0.0019999862898515165,7242859.391584,7247879.879168,trigger_log,fix glitches,ok,,harp_has_no_glitches,0,1266312 2359320,12,0,2510260.0,0.0,0.0,0.0,2.0,True,2510262,2510262,behavior_809491_2025-10-03_09-36-11_motionenergy_2026-09-29_10-17-30
behavior_809491_2025-10-03_09-36-11,809491,SideCameraRight,side_camera_right,flat,b9c33ac8-dbae-4352-8c73-6b294400da46,8c94c73e-81a7-4c22-af40-6ac1d55756c7,/root/capsule/data/behavior_809491_2025-10-03_09-36-11/behavior-videos/side_camera_right.mp4,2510262,0.0019999862898515165,7242859.391584,7247879.879168,trigger_log,fix glitches,ok,,harp_has_no_glitches,0,1266312 2359320,8,0,2510260.0,0.0,0.0,0.0,2.0,True,2510262,2510262,behavior_809491_2025-10-03_09-36-11_motionenergy_2026-09-29_10-17-30
behavior_809491_2025-10-06_08-46-19,809491,BottomCamera,bottom_camera,flat,75e02fa4-b893-4e26-b96d-3fda8508e956,f3544f29-f72c-4d36-a285-127c1b584653,/root/capsule/data/behavior_809491_2025-10-06_08-46-19/behavior-videos/bottom_camera.mp4,2590583,0.001999987845202862,7499058.999584,7504240.132096,trigger_log,use harp as written,ok,,,0,,12,0,2590583.0,0.0,0.0,0.0,0.0,True,2590583,2590583,behavior_809491_2025-10-06_08-46-19_motionenergy_2026-09-29_10-23-37
behavior_809491_2025-10-06_08-46-19,809491,SideCameraRight,side_camera_right,flat,75e02fa4-b893-4e26-b96d-3fda8508e956,f3544f29-f72c-4d36-a285-127c1b584653,/root/capsule/data/behavior_809491_2025-10-06_08-46-19/behavior-videos/side_camera_right.mp4,2590583,0.001999987845202862,7499058.999584,7504240.132096,trigger_log,use harp as written,ok,,,0,,8,0,2590583.0,0.0,0.0,0.0,0.0,True,2590583,2590583,behavior_809491_2025-10-06_08-46-19_motionenergy_2026-09-29_10-23-37
behavior_809491_2025-10-10_09-35-15,809491,BottomCamera,bottom_camera,flat,cba03571-675f-47f0-80e2-3b6e4ce03ad8,63cce192-67ba-4471-817a-05e06950b542,/root/capsule/data/behavior_809491_2025-10-10_09-35-15/behavior-videos/bottom_camera.mp4,2513964,0.0019999876338672503,7847589.7576,7852617.652512,trigger_log,use harp as written,ok,,,0,,12,0,2513964.0,0.0,0.0,0.0,0.0,True,2513964,2513964,behavior_809491_2025-10-10_09-35-15_motionenergy_2026-09-29_10-29-44
behavior_809491_2025-10-10_09-35-15,809491,SideCameraRight,side_camera_right,flat,cba03571-675f-47f0-80e2-3b6e4ce03ad8,63cce192-67ba-4471-817a-05e06950b542,/root/capsule/data/behavior_809491_2025-10-10_09-35-15/behavior-videos/side_camera_right.mp4,2513964,0.0019999876338672503,7847589.7576,7852617.652512,trigger_log,use harp as written,ok,,,0,,8,0,2513964.0,0.0,0.0,0.0,0.0,True,2513964,2513964,behavior_809491_2025-10-10_09-35-15_motionenergy_2026-09-29_10-29-44
behavior_809491_2025-10-02_09-23-46,809491,BottomCamera,bottom_camera,flat,90f2e55f-edc2-416c-b889-537433d5d65b,f80b62e2-e5d4-4cfe-880b-641c40ce341a,/root/capsule/data/behavior_809491_2025-10-02_09-23-46/behavior-videos/bottom_camera.mp4,2566316,0.001999986003265981,7155703.7536,7160836.34768,trigger_log,fix glitches,ok,,harp_has_no_glitches,0,183624,12,0,2566315.0,0.0,0.0,0.0,1.0,True,2566316,2566316,behavior_809491_2025-10-02_09-23-46_motionenergy_2026-09-29_10-05-18
behavior_809491_2025-10-02_09-23-46,809491,SideCameraRight,side_camera_right,flat,90f2e55f-edc2-416c-b889-537433d5d65b,f80b62e2-e5d4-4cfe-880b-641c40ce341a,/root/capsule/data/behavior_809491_2025-10-02_09-23-46/behavior-videos/side_camera_right.mp4,2566316,0.001999986003265981,7155703.7536,7160836.34768,trigger_log,fix glitches,ok,,harp_has_no_glitches,0,183624,8,0,2566315.0,0.0,0.0,0.0,1.0,True,2566316,2566316,behavior_809491_2025-10-02_09-23-46_motionenergy_2026-09-29_10-05-18
behavior_809491_2025-10-09_09-57-13,809491,BottomCamera,bottom_camera,flat,fb3b5aad-1b79-40c9-a79b-0df25b42ca96,4b36f862-2467-433c-9f74-01f36ed12ad1,/root/capsule/data/behavior_809491_2025-10-09_09-57-13/behavior-videos/bottom_camera.mp4,2693359,0.0019999861466411424,7762498.195584,7767884.874272,trigger_log,fix glitches,ok,,harp_has_no_glitches,0,1072909 1667413,12,0,2693357.0,0.0,0.0,0.0,2.0,True,2693359,2693359,behavior_809491_2025-10-09_09-57-13_motionenergy_2026-09-29_10-37-54
behavior_809491_2025-10-09_09-57-13,809491,SideCameraRight,side_camera_right,flat,fb3b5aad-1b79-40c9-a79b-0df25b42ca96,4b36f862-2467-433c-9f74-01f36ed12ad1,/root/capsule/data/behavior_809491_2025-10-09_09-57-13/behavior-videos/side_camera_right.mp4,2693359,0.0019999861466411424,7762498.195584,7767884.874272,trigger_log,fix glitches,ok,,harp_has_no_glitches,0,1072909 1667413,8,0,2693357.0,0.0,0.0,0.0,2.0,True,2693359,2693359,behavior_809491_2025-10-09_09-57-13_motionenergy_2026-09-29_10-37-54
behavior_809491_2025-10-13_09-26-46,809491,BottomCamera,bottom_camera,flat,63ad36ba-f831-4b48-bdef-cd53e7d03464,f2b4821b-17b1-4804-acee-55ea6d4406ed,/root/capsule/data/behavior_809491_2025-10-13_09-26-46/behavior-videos/bottom_camera.mp4,2602586,0.0019999857925875595,8106288.624576,8111493.7576,trigger_log,use harp as written,ok,,,0,,12,0,2602586.0,0.0,0.0,0.0,0.0,True,2602586,2602586,behavior_809491_2025-10-13_09-26-46_motionenergy_2026-09-29_10-31-47
behavior_809491_2025-10-13_09-26-46,809491,SideCameraRight,side_camera_right,flat,63ad36ba-f831-4b48-bdef-cd53e7d03464,f2b4821b-17b1-4804-acee-55ea6d4406ed,/root/capsule/data/behavior_809491_2025-10-13_09-26-46/behavior-videos/side_camera_right.mp4,2602586,0.0019999857925875595,8106288.624576,8111493.7576,trigger_log,use harp as written,ok,,,0,,8,0,2602586.0,0.0,0.0,0.0,0.0,True,2602586,2602586,behavior_809491_2025-10-13_09-26-46_motionenergy_2026-09-29_10-31-47
behavior_809491_2025-10-14_09-27-06,809491,BottomCamera,bottom_camera,flat,8b170593-4359-463c-be49-b7f4c70b8ed3,f2976ce4-b205-4ef1-9c05-5bc064f04827,/root/capsule/data/behavior_809491_2025-10-14_09-27-06/behavior-videos/bottom_camera.mp4,2566312,0.0019999867888180318,8192706.662592,8197839.250688,trigger_log,use harp as written,ok,,,0,,12,0,2566312.0,0.0,0.0,0.0,0.0,True,2566312,2566312,behavior_809491_2025-10-14_09-27-06_motionenergy_2026-09-29_10-39-58
behavior_809491_2025-10-14_09-27-06,809491,SideCameraRight,side_camera_right,flat,8b170593-4359-463c-be49-b7f4c70b8ed3,f2976ce4-b205-4ef1-9c05-5bc064f04827,/root/capsule/data/behavior_809491_2025-10-14_09-27-06/behavior-videos/side_camera_right.mp4,2566312,0.0019999867888180318,8192706.662592,8197839.250688,trigger_log,use harp as written,ok,,,0,,8,0,2566312.0,0.0,0.0,0.0,0.0,True,2566312,2566312,behavior_809491_2025-10-14_09-27-06_motionenergy_2026-09-29_10-39-58
behavior_809491_2025-10-21_09-37-59,809491,BottomCamera,bottom_camera,flat,6d658d46-4323-4093-8533-a9e0d6a4c6ed,d4cce795-9ba2-42ad-877e-fa3cbdce1c54,/root/capsule/data/behavior_809491_2025-10-21_09-37-59/behavior-videos/bottom_camera.mp4,2566232,0.001999988359582577,579524.6496,584657.081728,trigger_log,use harp as written,ok,,,0,,12,0,2566232.0,0.0,0.0,0.0,0.0,True,2566232,2566232,behavior_809491_2025-10-21_09-37-59_motionenergy_2026-09-29_10-46-08
behavior_809491_2025-10-21_09-37-59,809491,SideCameraRight,side_camera_right,flat,6d658d46-4323-4093-8533-a9e0d6a4c6ed,d4cce795-9ba2-42ad-877e-fa3cbdce1c54,/root/capsule/data/behavior_809491_2025-10-21_09-37-59/behavior-videos/side_camera_right.mp4,2566232,0.001999988359582577,579524.6496,584657.081728,trigger_log,use harp as written,ok,,,0,,8,0,2566232.0,0.0,0.0,0.0,0.0,True,2566232,2566232,behavior_809491_2025-10-21_09-37-59_motionenergy_2026-09-29_10-46-08
behavior_809491_2025-10-22_09-25-35,809491,BottomCamera,bottom_camera,flat,c8c5fc84-e350-4477-b2d6-da63f2d984b5,dc55d850-b0f4-4492-956c-732a617539aa,/root/capsule/data/behavior_809491_2025-10-22_09-25-35/behavior-videos/bottom_camera.mp4,2576323,0.0019999872314097424,665181.038592,670333.649696,trigger_log,use harp as written,ok,,,0,,12,0,2576323.0,0.0,0.0,0.0,0.0,True,2576323,2576323,behavior_809491_2025-10-22_09-25-35_motionenergy_2026-09-29_10-46-10
behavior_809491_2025-10-22_09-25-35,809491,SideCameraRight,side_camera_right,flat,c8c5fc84-e350-4477-b2d6-da63f2d984b5,dc55d850-b0f4-4492-956c-732a617539aa,/root/capsule/data/behavior_809491_2025-10-22_09-25-35/behavior-videos/side_camera_right.mp4,2576323,0.0019999872314097424,665181.038592,670333.649696,trigger_log,use harp as written,ok,,,0,,8,0,2576323.0,0.0,0.0,0.0,0.0,True,2576323,2576323,behavior_809491_2025-10-22_09-25-35_motionenergy_2026-09-29_10-46-10
behavior_809491_2025-10-17_09-26-49,809491,BottomCamera,bottom_camera,flat,3009131b-d7bb-4e2e-810f-33aaa88dbe38,eef97fb7-3ec0-4f59-917d-f36ffb499b2a,/root/capsule/data/behavior_809491_2025-10-17_09-26-49/behavior-videos/bottom_camera.mp4,2573281,0.0019999866194117945,233251.580576,238398.106144,trigger_log,use harp as written,ok,,,0,,12,0,2573281.0,0.0,0.0,0.0,0.0,True,2573281,2573281,behavior_809491_2025-10-17_09-26-49_motionenergy_2026-09-29_10-42-01
behavior_809491_2025-10-17_09-26-49,809491,SideCameraRight,side_camera_right,flat,3009131b-d7bb-4e2e-810f-33aaa88dbe38,eef97fb7-3ec0-4f59-917d-f36ffb499b2a,/root/capsule/data/behavior_809491_2025-10-17_09-26-49/behavior-videos/side_camera_right.mp4,2573281,0.0019999866194117945,233251.580576,238398.106144,trigger_log,use harp as written,ok,,,0,,8,0,2573281.0,0.0,0.0,0.0,0.0,True,2573281,2573281,behavior_809491_2025-10-17_09-26-49_motionenergy_2026-09-29_10-42-01
behavior_809491_2025-10-20_09-31-46,809491,BottomCamera,bottom_camera,flat,6cd2a138-fcd9-44c3-96d5-35d15dd99c46,87f5080b-62a6-43af-8486-d40a26296849,/root/capsule/data/behavior_809491_2025-10-20_09-31-46/behavior-videos/bottom_camera.mp4,2568887,0.001999985961218933,492752.1856,497889.921536,trigger_log,fix glitches,ok,,harp_has_no_glitches,0,1773919,12,0,2568886.0,0.0,0.0,0.0,1.0,True,2568887,2568887,behavior_809491_2025-10-20_09-31-46_motionenergy_2026-09-29_10-44-05
behavior_809491_2025-10-20_09-31-46,809491,SideCameraRight,side_camera_right,flat,6cd2a138-fcd9-44c3-96d5-35d15dd99c46,87f5080b-62a6-43af-8486-d40a26296849,/root/capsule/data/behavior_809491_2025-10-20_09-31-46/behavior-videos/side_camera_right.mp4,2568887,0.001999985961218933,492752.1856,497889.921536,trigger_log,fix glitches,ok,,harp_has_no_glitches,0,1773919,8,0,2568886.0,0.0,0.0,0.0,1.0,True,2568887,2568887,behavior_809491_2025-10-20_09-31-46_motionenergy_2026-09-29_10-44-05
behavior_809491_2025-10-23_09-38-27,809491,BottomCamera,bottom_camera,flat,a566df93-c51f-4c3c-86c7-9fe3ac718a66,efcdeddd-3388-49ce-8439-5a3beb7c5039,/root/capsule/data/behavior_809491_2025-10-23_09-38-27/behavior-videos/bottom_camera.mp4,2558434,0.001999986385416387,752349.436576,757466.267744,trigger_log,use harp as written,ok,,,0,,12,0,2558434.0,0.0,0.0,0.0,0.0,True,2558434,2558434,behavior_809491_2025-10-23_09-38-27_motionenergy_2026-09-29_10-48-14
behavior_809491_2025-10-23_09-38-27,809491,SideCameraRight,side_camera_right,flat,a566df93-c51f-4c3c-86c7-9fe3ac718a66,efcdeddd-3388-49ce-8439-5a3beb7c5039,/root/capsule/data/behavior_809491_2025-10-23_09-38-27/behavior-videos/side_camera_right.mp4,2558434,0.001999986385416387,752349.436576,757466.267744,trigger_log,use harp as written,ok,,,0,,8,0,2558434.0,0.0,0.0,0.0,0.0,True,2558434,2558434,behavior_809491_2025-10-23_09-38-27_motionenergy_2026-09-29_10-48-14
behavior_809491_2025-10-24_09-42-09,809491,BottomCamera,bottom_camera,flat,db00201d-01b4-4ef7-921a-c411705117b7,2eb87960-c90b-46a9-9ba7-70d827b1fe34,/root/capsule/data/behavior_809491_2025-10-24_09-42-09/behavior-videos/bottom_camera.mp4,2600662,0.0019999880953341506,838987.7976,844189.08864,trigger_log,use harp as written,ok,,,0,,12,0,2600662.0,0.0,0.0,0.0,0.0,True,2600662,2600662,behavior_809491_2025-10-24_09-42-09_motionenergy_2026-09-29_10-52-19
behavior_809491_2025-10-24_09-42-09,809491,SideCameraRight,side_camera_right,flat,db00201d-01b4-4ef7-921a-c411705117b7,2eb87960-c90b-46a9-9ba7-70d827b1fe34,/root/capsule/data/behavior_809491_2025-10-24_09-42-09/behavior-videos/side_camera_right.mp4,2600662,0.0019999880953341506,838987.7976,844189.08864,trigger_log,use harp as written,ok,,,0,,8,0,2600662.0,0.0,0.0,0.0,0.0,True,2600662,2600662,behavior_809491_2025-10-24_09-42-09_motionenergy_2026-09-29_10-52-19
behavior_809491_2025-10-27_09-04-55,809491,BottomCamera,bottom_camera,flat,4fe768e1-fcab-4e42-98d3-31257e1c5f22,b0f988a3-7bf2-4981-b829-c9ca18edac93,/root/capsule/data/behavior_809491_2025-10-27_09-04-55/behavior-videos/bottom_camera.mp4,2587782,0.0019999883823244194,1095937.296576,1101112.828512,trigger_log,use harp as written,ok,,,0,,12,0,2587782.0,0.0,0.0,0.0,0.0,True,2587782,2587782,behavior_809491_2025-10-27_09-04-55_motionenergy_2026-09-29_10-54-23
behavior_809491_2025-10-27_09-04-55,809491,SideCameraRight,side_camera_right,flat,4fe768e1-fcab-4e42-98d3-31257e1c5f22,b0f988a3-7bf2-4981-b829-c9ca18edac93,/root/capsule/data/behavior_809491_2025-10-27_09-04-55/behavior-videos/side_camera_right.mp4,2587782,0.0019999883823244194,1095937.296576,1101112.828512,trigger_log,use harp as written,ok,,,0,,8,0,2587782.0,0.0,0.0,0.0,0.0,True,2587782,2587782,behavior_809491_2025-10-27_09-04-55_motionenergy_2026-09-29_10-54-23
behavior_809491_2025-10-30_09-19-42,809491,BottomCamera,bottom_camera,flat,80103b4d-dc45-476f-bccf-74aade6a57f4,a1779036-0145-4886-9d7b-2b54b1e20da3,/root/capsule/data/behavior_809491_2025-10-30_09-19-42/behavior-videos/bottom_camera.mp4,2555649,0.0019999889186529973,1356023.468576,1361134.736256,trigger_log,fix glitches,ok,,harp_has_no_glitches,0,886270,12,0,2555648.0,0.0,0.0,0.0,1.0,True,2555649,2555649,behavior_809491_2025-10-30_09-19-42_motionenergy_2026-09-29_11-57-21
behavior_809491_2025-10-30_09-19-42,809491,SideCameraRight,side_camera_right,flat,80103b4d-dc45-476f-bccf-74aade6a57f4,a1779036-0145-4886-9d7b-2b54b1e20da3,/root/capsule/data/behavior_809491_2025-10-30_09-19-42/behavior-videos/side_camera_right.mp4,2555649,0.0019999889186529973,1356023.468576,1361134.736256,trigger_log,fix glitches,ok,,harp_has_no_glitches,0,886270,8,0,2555648.0,0.0,0.0,0.0,1.0,True,2555649,2555649,behavior_809491_2025-10-30_09-19-42_motionenergy_2026-09-29_11-57-21
behavior_809491_2025-10-28_09-30-50,809491,BottomCamera,bottom_camera,flat,4994f07a-1b25-4946-81bf-e6bb899e7810,e9ba5e9f-bb70-4999-9315-ed3787ffbc46,/root/capsule/data/behavior_809491_2025-10-28_09-30-50/behavior-videos/bottom_camera.mp4,2556837,0.001999987697294657,1183893.756576,1189007.39712,trigger_log,use harp as written,ok,,,0,,12,0,2556837.0,0.0,0.0,0.0,0.0,True,2556837,2556837,behavior_809491_2025-10-28_09-30-50_motionenergy_2026-09-29_10-58-28
behavior_809491_2025-10-28_09-30-50,809491,SideCameraRight,side_camera_right,flat,4994f07a-1b25-4946-81bf-e6bb899e7810,e9ba5e9f-bb70-4999-9315-ed3787ffbc46,/root/capsule/data/behavior_809491_2025-10-28_09-30-50/behavior-videos/side_camera_right.mp4,2556837,0.001999987697294657,1183893.756576,1189007.39712,trigger_log,use harp as written,ok,,,0,,8,0,2556837.0,0.0,0.0,0.0,0.0,True,2556837,2556837,behavior_809491_2025-10-28_09-30-50_motionenergy_2026-09-29_10-58-28
behavior_809491_2025-10-29_09-35-17,809491,BottomCamera,bottom_camera,flat,e0dafa45-e08c-4c87-9521-1681365d77d1,73f31fbc-6f50-4bd0-a9ac-7a1beff809b1,/root/capsule/data/behavior_809491_2025-10-29_09-35-17/behavior-videos/bottom_camera.mp4,2594396,0.0019999872895027204,1270558.471584,1275747.228608,trigger_log,fix glitches,ok,,harp_has_no_glitches,0,1092270 1727774,12,0,2594394.0,0.0,0.0,0.0,2.0,True,2594396,2594396,behavior_809491_2025-10-29_09-35-17_motionenergy_2026-09-29_11-28-54
behavior_809491_2025-10-29_09-35-17,809491,SideCameraRight,side_camera_right,flat,e0dafa45-e08c-4c87-9521-1681365d77d1,73f31fbc-6f50-4bd0-a9ac-7a1beff809b1,/root/capsule/data/behavior_809491_2025-10-29_09-35-17/behavior-videos/side_camera_right.mp4,2594396,0.0019999872895027204,1270558.471584,1275747.228608,trigger_log,fix glitches,ok,,harp_has_no_glitches,0,1092270 1727774,8,0,2594394.0,0.0,0.0,0.0,2.0,True,2594396,2594396,behavior_809491_2025-10-29_09-35-17_motionenergy_2026-09-29_11-28-54
behavior_809491_2025-10-31_09-25-40,809491,BottomCamera,bottom_camera,flat,63c99729-1a4d-4530-b2d2-8f4d8024156c,1e8a5ebb-1c63-4c7b-9efb-6bd760740fb2,/root/capsule/data/behavior_809491_2025-10-31_09-25-40/behavior-videos/bottom_camera.mp4,2573251,0.0019999882358884666,1442784.164576,1447930.634304,trigger_log,use harp as written,ok,,,0,,12,0,2573251.0,0.0,0.0,0.0,0.0,True,2573251,2573251,behavior_809491_2025-10-31_09-25-40_motionenergy_2026-09-29_11-59-27
behavior_809491_2025-10-31_09-25-40,809491,SideCameraRight,side_camera_right,flat,63c99729-1a4d-4530-b2d2-8f4d8024156c,1e8a5ebb-1c63-4c7b-9efb-6bd760740fb2,/root/capsule/data/behavior_809491_2025-10-31_09-25-40/behavior-videos/side_camera_right.mp4,2573251,0.0019999882358884666,1442784.164576,1447930.634304,trigger_log,use harp as written,ok,,,0,,8,0,2573251.0,0.0,0.0,0.0,0.0,True,2573251,2573251,behavior_809491_2025-10-31_09-25-40_motionenergy_2026-09-29_11-59-27
behavior_809491_2025-11-13_09-08-18,809491,BottomCamera,bottom_camera,flat,cc3c88cc-930e-402b-b793-616fc8c79200,72207453-0d23-43e5-8fa0-2e4873cd8267,/root/capsule/data/behavior_809491_2025-11-13_09-08-18/behavior-videos/bottom_camera.mp4,2316849,0.0019999760916344814,,,trigger_log,refuse: harp_evenly_spaced,refused,ValueError: harp_evenly_spaced failed: steps off by > 0.5 frame: 2,harp_evenly_spaced,0,,14,0,,,,,,,2316849,2316849,behavior_809491_2025-11-13_09-08-18_motionenergy_2026-09-29_12-01-30
behavior_809491_2025-11-13_09-08-18,809491,SideCameraRight,side_camera_right,flat,cc3c88cc-930e-402b-b793-616fc8c79200,72207453-0d23-43e5-8fa0-2e4873cd8267,/root/capsule/data/behavior_809491_2025-11-13_09-08-18/behavior-videos/side_camera_right.mp4,2316849,0.0019999760916344814,,,trigger_log,refuse: harp_evenly_spaced,refused,ValueError: harp_evenly_spaced failed: steps off by > 0.5 frame: 2,harp_evenly_spaced,0,,12,0,,,,,,,2316849,2316849,behavior_809491_2025-11-13_09-08-18_motionenergy_2026-09-29_12-01-30
behavior_815334_2025-11-04_09-43-32,815334,BottomCamera,bottom_camera,flat,01130ac2-f270-4bbb-8f06-d2a81ebd8682,b041a72c-b7dd-4227-97e1-81fb23db1303,/root/capsule/data/behavior_815334_2025-11-04_09-43-32/behavior-videos/bottom_camera.mp4,2611704,0.0019999854133376403,,,trigger_log,refuse: harp_evenly_spaced,refused,ValueError: harp_evenly_spaced failed: steps off by > 0.5 frame: 2,harp_evenly_spaced,0,,8,0,,,,,,,2611704,2611704,behavior_815334_2025-11-04_09-43-32_motionenergy_2026-09-29_07-22-20
behavior_815334_2025-11-04_09-43-32,815334,SideCameraRight,side_camera_right,flat,01130ac2-f270-4bbb-8f06-d2a81ebd8682,b041a72c-b7dd-4227-97e1-81fb23db1303,/root/capsule/data/behavior_815334_2025-11-04_09-43-32/behavior-videos/side_camera_right.mp4,2611704,0.0019999854133376403,,,trigger_log,refuse: harp_evenly_spaced,refused,ValueError: harp_evenly_spaced failed: steps off by > 0.5 frame: 2,harp_evenly_spaced,0,,6,0,,,,,,,2611704,2611704,behavior_815334_2025-11-04_09-43-32_motionenergy_2026-09-29_07-22-20
behavior_816212_2025-11-13_14-13-21,816212,BottomCamera,bottom_camera,flat,c0c1c405-76d3-4247-bfb3-336f08815bd7,c9e34de5-b78e-4442-9702-8b54b2e6e8fe,/root/capsule/data/behavior_816212_2025-11-13_14-13-21/behavior-videos/bottom_camera.mp4,2403275,0.0019999870976010426,,,trigger_log,re-index,refused,"ValueError: Trigger log has 2690256 events but the frame numbers span 2690255 exposures: frames lost before the first or after the last saved row, or corrupted frame numbers",no_frames_lost,286980,,13,0,,,,,,,2690256,2690255,behavior_816212_2025-11-13_14-13-21_motionenergy_2026-09-29_08-56-02
behavior_816212_2025-11-13_14-13-21,816212,SideCameraRight,side_camera_right,flat,c0c1c405-76d3-4247-bfb3-336f08815bd7,c9e34de5-b78e-4442-9702-8b54b2e6e8fe,/root/capsule/data/behavior_816212_2025-11-13_14-13-21/behavior-videos/side_camera_right.mp4,2402848,0.0019999870886494198,678503.583584,683884.05888,trigger_log,re-index,ok,,no_frames_lost,287408,,15,0,2402848.0,0.0,0.0,0.0,0.0,True,2690256,2690256,behavior_816212_2025-11-13_14-13-21_motionenergy_2026-09-29_08-56-02
behavior_815334_2025-11-12_10-26-10,815334,BottomCamera,bottom_camera,flat,a0cc9306-7ddd-4477-8770-f69790ba8de0,4e76adc2-c3af-4b71-a6d1-b47a09ef35c6,/root/capsule/data/behavior_815334_2025-11-12_10-26-10/behavior-videos/bottom_camera.mp4,2631688,0.00199998022257216,20660337.632576,20665600.954528,trigger_log,use harp as written,ok,,,0,,8,0,2631688.0,0.0,0.0,0.0,0.0,True,2631688,2631688,behavior_815334_2025-11-12_10-26-10_motionenergy_2026-09-29_07-16-12
behavior_815334_2025-11-12_10-26-10,815334,SideCameraRight,side_camera_right,flat,a0cc9306-7ddd-4477-8770-f69790ba8de0,4e76adc2-c3af-4b71-a6d1-b47a09ef35c6,/root/capsule/data/behavior_815334_2025-11-12_10-26-10/behavior-videos/side_camera_right.mp4,2631688,0.00199998022257216,20660337.632576,20665600.954528,trigger_log,use harp as written,ok,,,0,,6,0,2631688.0,0.0,0.0,0.0,0.0,True,2631688,2631688,behavior_815334_2025-11-12_10-26-10_motionenergy_2026-09-29_07-16-12
behavior_815334_2025-11-13_09-57-59,815334,BottomCamera,bottom_camera,flat,351c9b9c-12f8-40c0-b51f-1dde1e7f503c,7bba17fb-523c-435c-8e33-4a43848db40a,/root/capsule/data/behavior_815334_2025-11-13_09-57-59/behavior-videos/bottom_camera.mp4,2653698,0.001999980398666486,20745047.6416,20750354.983584,trigger_log,use harp as written,ok,,,0,,8,0,2653698.0,0.0,0.0,0.0,0.0,True,2653698,2653698,behavior_815334_2025-11-13_09-57-59_motionenergy_2026-09-29_07-26-27
behavior_815334_2025-11-13_09-57-59,815334,SideCameraRight,side_camera_right,flat,351c9b9c-12f8-40c0-b51f-1dde1e7f503c,7bba17fb-523c-435c-8e33-4a43848db40a,/root/capsule/data/behavior_815334_2025-11-13_09-57-59/behavior-videos/side_camera_right.mp4,2653698,0.001999980398666486,20745047.6416,20750354.983584,trigger_log,use harp as written,ok,,,0,,6,0,2653698.0,0.0,0.0,0.0,0.0,True,2653698,2653698,behavior_815334_2025-11-13_09-57-59_motionenergy_2026-09-29_07-26-27
behavior_815334_2025-11-14_09-11-13,815334,BottomCamera,bottom_camera,flat,23c2ba37-bf0b-45f0-a754-3bcaf9a1b8c2,6a04b924-0d5a-4bb6-9f34-ab5ce8dbd3e7,/root/capsule/data/behavior_815334_2025-11-14_09-11-13/behavior-videos/bottom_camera.mp4,2628572,0.0019999819399973604,20828639.250592,20833896.34512,trigger_log,use harp as written,ok,,,0,,8,0,2628572.0,0.0,0.0,0.0,0.0,True,2628572,2628572,behavior_815334_2025-11-14_09-11-13_motionenergy_2026-09-29_07-26-28
behavior_815334_2025-11-14_09-11-13,815334,SideCameraRight,side_camera_right,flat,23c2ba37-bf0b-45f0-a754-3bcaf9a1b8c2,6a04b924-0d5a-4bb6-9f34-ab5ce8dbd3e7,/root/capsule/data/behavior_815334_2025-11-14_09-11-13/behavior-videos/side_camera_right.mp4,2628572,0.0019999819399973604,20828639.250592,20833896.34512,trigger_log,use harp as written,ok,,,0,,6,0,2628572.0,0.0,0.0,0.0,0.0,True,2628572,2628572,behavior_815334_2025-11-14_09-11-13_motionenergy_2026-09-29_07-26-28
behavior_816212_2025-11-18_13-22-34,816212,BottomCamera,bottom_camera,flat,96aa7f3b-5384-4d91-b7b7-542dd72408f8,b7ff4f4b-8a6a-4318-af0d-ff99f7d0a5b2,/root/capsule/data/behavior_816212_2025-11-18_13-22-34/behavior-videos/bottom_camera.mp4,2623291,0.001999987850371097,253748.847584,259620.437984,trigger_log,re-index,ok,,no_frames_lost,312523,,13,0,2623291.0,0.0,0.0,0.0,0.0,True,2935814,2935814,behavior_816212_2025-11-18_13-22-34_motionenergy_2026-09-29_09-04-12
behavior_816212_2025-11-18_13-22-34,816212,SideCameraRight,side_camera_right,flat,96aa7f3b-5384-4d91-b7b7-542dd72408f8,b7ff4f4b-8a6a-4318-af0d-ff99f7d0a5b2,/root/capsule/data/behavior_816212_2025-11-18_13-22-34/behavior-videos/side_camera_right.mp4,2624100,0.001999987848019456,253748.847584,259620.437984,trigger_log,re-index,ok,,no_frames_lost,311714,,15,0,2624100.0,0.0,0.0,0.0,0.0,True,2935814,2935814,behavior_816212_2025-11-18_13-22-34_motionenergy_2026-09-29_09-04-12
behavior_816212_2025-12-02_13-36-19,816212,BottomCamera,bottom_camera,flat,0b95cd91-97a2-4981-a41e-0d88235d5b79,1b024180-d9ce-462c-936b-eb869efb0c59,/root/capsule/data/behavior_816212_2025-12-02_13-36-19/behavior-videos/bottom_camera.mp4,2807046,0.0019999873746235192,,,trigger_log,re-index,refused,"ValueError: Trigger log has 3140158 events but the frame numbers span 3140157 exposures: frames lost before the first or after the last saved row, or corrupted frame numbers",no_frames_lost,333111,,13,0,,,,,,,3140158,3140157,behavior_816212_2025-12-02_13-36-19_motionenergy_2026-09-29_09-14-32
behavior_816212_2025-12-02_13-36-19,816212,SideCameraRight,side_camera_right,flat,0b95cd91-97a2-4981-a41e-0d88235d5b79,1b024180-d9ce-462c-936b-eb869efb0c59,/root/capsule/data/behavior_816212_2025-12-02_13-36-19/behavior-videos/side_camera_right.mp4,2806859,0.0019999873794827277,1464196.2136,1470476.487296,trigger_log,re-index,ok,,no_frames_lost,333299,,16,0,2806859.0,0.0,0.0,0.0,0.0,True,3140158,3140158,behavior_816212_2025-12-02_13-36-19_motionenergy_2026-09-29_09-14-32
behavior_816212_2025-11-26_13-27-32,816212,BottomCamera,bottom_camera,flat,b3c0af67-e030-4d2e-b897-1ccd7e79e649,a9dffb7c-caea-4c15-90db-59145ea84ea2,/root/capsule/data/behavior_816212_2025-11-26_13-27-32/behavior-videos/bottom_camera.mp4,2590917,0.0019999847590582145,945253.444576,951052.558304,trigger_log,re-index,ok,,no_frames_lost,308663,,13,0,2590917.0,0.0,0.0,0.0,0.0,True,2899580,2899580,behavior_816212_2025-11-26_13-27-32_motionenergy_2026-09-29_09-04-14
behavior_816212_2025-11-26_13-27-32,816212,SideCameraRight,side_camera_right,flat,b3c0af67-e030-4d2e-b897-1ccd7e79e649,a9dffb7c-caea-4c15-90db-59145ea84ea2,/root/capsule/data/behavior_816212_2025-11-26_13-27-32/behavior-videos/side_camera_right.mp4,2590326,0.001999984749404047,945253.444576,951052.558304,trigger_log,re-index,ok,,no_frames_lost,309254,,15,0,2590326.0,0.0,0.0,0.0,0.0,True,2899580,2899580,behavior_816212_2025-11-26_13-27-32_motionenergy_2026-09-29_09-04-14
behavior_816212_2025-12-05_13-47-41,816212,BottomCamera,bottom_camera,flat,5e086bc6-7fcf-4ce2-85df-4b5325572e34,8f3575c3-c8bb-4af0-a484-fa72f9b246c7,/root/capsule/data/behavior_816212_2025-12-05_13-47-41/behavior-videos/bottom_camera.mp4,2748281,0.0019999886940195322,3711.226592,9581.801376,trigger_log,re-index,ok,,no_frames_lost,187024,,13,0,2748281.0,0.0,0.0,0.0,0.0,True,2935305,2935305,behavior_816212_2025-12-05_13-47-41_motionenergy_2026-09-29_09-16-36
behavior_816212_2025-12-05_13-47-41,816212,SideCameraRight,side_camera_right,flat,5e086bc6-7fcf-4ce2-85df-4b5325572e34,8f3575c3-c8bb-4af0-a484-fa72f9b246c7,/root/capsule/data/behavior_816212_2025-12-05_13-47-41/behavior-videos/side_camera_right.mp4,2749302,0.0019999886807592184,3711.226592,9581.801376,trigger_log,re-index,ok,,no_frames_lost,186003,,15,0,2749302.0,0.0,0.0,0.0,0.0,True,2935305,2935305,behavior_816212_2025-12-05_13-47-41_motionenergy_2026-09-29_09-16-36
behavior_816212_2025-12-09_12-51-52,816212,BottomCamera,bottom_camera,flat,80c2759d-79ee-48af-824f-cf193acae589,3c5b69c9-5a96-4432-be7f-e6de10e326a0,/root/capsule/data/behavior_816212_2025-12-09_12-51-52/behavior-videos/bottom_camera.mp4,2503200,0.001999986621918593,345964.836576,351425.688032,trigger_log,re-index,ok,,no_frames_lost,227245,,13,0,2503200.0,0.0,0.0,0.0,0.0,True,2730445,2730445,behavior_816212_2025-12-09_12-51-52_motionenergy_2026-09-29_09-08-22
behavior_816212_2025-12-09_12-51-52,816212,SideCameraRight,side_camera_right,flat,80c2759d-79ee-48af-824f-cf193acae589,3c5b69c9-5a96-4432-be7f-e6de10e326a0,/root/capsule/data/behavior_816212_2025-12-09_12-51-52/behavior-videos/side_camera_right.mp4,2522813,0.0019999866307913554,345964.836576,351425.688032,trigger_log,re-index,ok,,no_frames_lost,207632,,15,0,2522813.0,0.0,0.0,0.0,0.0,True,2730445,2730445,behavior_816212_2025-12-09_12-51-52_motionenergy_2026-09-29_09-08-22
behavior_816212_2025-12-10_13-27-38,816212,BottomCamera,bottom_camera,flat,34a01900-afe7-463b-9f67-e17a7ccc0c48,3991a05d-f18a-4e96-9e35-d8c975266bbd,/root/capsule/data/behavior_816212_2025-12-10_13-27-38/behavior-videos/bottom_camera.mp4,2470730,0.0019999905129138135,,,trigger_log,refuse: harp_evenly_spaced,refused,ValueError: harp_evenly_spaced failed: steps off by > 0.5 frame: 2,no_frames_lost;harp_evenly_spaced,294045,,13,0,,,,,,,2764775,2764775,behavior_816212_2025-12-10_13-27-38_motionenergy_2026-09-29_09-12-29
behavior_816212_2025-12-10_13-27-38,816212,SideCameraRight,side_camera_right,flat,34a01900-afe7-463b-9f67-e17a7ccc0c48,3991a05d-f18a-4e96-9e35-d8c975266bbd,/root/capsule/data/behavior_816212_2025-12-10_13-27-38/behavior-videos/side_camera_right.mp4,2469328,0.0019999905204863737,,,trigger_log,refuse: harp_evenly_spaced,refused,ValueError: harp_evenly_spaced failed: steps off by > 0.5 frame: 2,no_frames_lost;harp_evenly_spaced,295447,,15,0,,,,,,,2764775,2764775,behavior_816212_2025-12-10_13-27-38_motionenergy_2026-09-29_09-12-29
behavior_816212_2025-12-11_13-24-29,816212,BottomCamera,bottom_camera,flat,bd25cada-8375-4172-9862-d616b33cdd0e,82dae31d-bfd8-4045-a046-9d796cb21960,/root/capsule/data/behavior_816212_2025-12-11_13-24-29/behavior-videos/bottom_camera.mp4,2365996,0.0019999862383479126,520718.091584,525929.633792,trigger_log,re-index,ok,,no_frames_lost,239794,,13,0,2365996.0,0.0,0.0,0.0,0.0,True,2605790,2605790,behavior_816212_2025-12-11_13-24-29_motionenergy_2026-09-29_09-08-23
behavior_816212_2025-12-11_13-24-29,816212,SideCameraRight,side_camera_right,flat,bd25cada-8375-4172-9862-d616b33cdd0e,82dae31d-bfd8-4045-a046-9d796cb21960,/root/capsule/data/behavior_816212_2025-12-11_13-24-29/behavior-videos/side_camera_right.mp4,2366213,0.0019999862598955604,520718.091584,525929.633792,trigger_log,re-index,ok,,no_frames_lost,239577,,15,0,2366213.0,0.0,0.0,0.0,0.0,True,2605790,2605790,behavior_816212_2025-12-11_13-24-29_motionenergy_2026-09-29_09-08-23
behavior_816214_2025-12-02_08-28-39,816214,BottomCamera,bottom_camera,flat,2fbe59e6-d303-4012-9dbe-de87b4924805,52247394-6ce1-49d7-91e7-028d4bbc2dfd,/root/capsule/data/behavior_816214_2025-12-02_08-28-39/behavior-videos/bottom_camera.mp4,2492931,0.001999987972366628,1445722.215584,1451053.305824,trigger_log,re-index,ok,,no_frames_lost;harp_has_no_glitches,172631,554395 1357400,13,0,2492929.0,0.0,0.0,0.0,2.0,True,2665562,2665562,behavior_816214_2025-12-02_08-28-39_motionenergy_2026-09-29_05-48-49
behavior_816214_2025-12-02_08-28-39,816214,SideCameraRight,side_camera_right,flat,2fbe59e6-d303-4012-9dbe-de87b4924805,52247394-6ce1-49d7-91e7-028d4bbc2dfd,/root/capsule/data/behavior_816214_2025-12-02_08-28-39/behavior-videos/side_camera_right.mp4,2498774,0.0019999879684756343,1445722.215584,1451053.305824,trigger_log,re-index,ok,,no_frames_lost;harp_has_no_glitches,166788,554395 1357400,15,0,2498773.0,0.0,0.0,0.0,1.0,True,2665562,2665562,behavior_816214_2025-12-02_08-28-39_motionenergy_2026-09-29_05-48-49
behavior_816214_2025-12-03_08-39-48,816214,BottomCamera,bottom_camera,flat,be0de34d-2d5b-46dd-ad0a-7d0e7c999532,66679552-402a-4dcb-8373-6f17bfee0fdb,/root/capsule/data/behavior_816214_2025-12-03_08-39-48/behavior-videos/bottom_camera.mp4,2500084,0.0019999891267609765,1532808.2976,1538151.354592,trigger_log,re-index,ok,,no_frames_lost,171460,,13,0,2500084.0,0.0,0.0,0.0,0.0,True,2671544,2671544,behavior_816214_2025-12-03_08-39-48_motionenergy_2026-09-29_06-01-06
behavior_816214_2025-12-03_08-39-48,816214,SideCameraRight,side_camera_right,flat,be0de34d-2d5b-46dd-ad0a-7d0e7c999532,66679552-402a-4dcb-8373-6f17bfee0fdb,/root/capsule/data/behavior_816214_2025-12-03_08-39-48/behavior-videos/side_camera_right.mp4,2502973,0.0019999891329187886,1532808.2976,1538151.354592,trigger_log,re-index,ok,,no_frames_lost,168571,,15,0,2502973.0,0.0,0.0,0.0,0.0,True,2671544,2671544,behavior_816214_2025-12-03_08-39-48_motionenergy_2026-09-29_06-01-06
behavior_816214_2025-12-04_08-51-42,816214,BottomCamera,bottom_camera,flat,cfa0f365-52ab-45fe-ad97-f029e771b93d,a71c5870-a612-4d3a-a90f-f2923829d2e6,/root/capsule/data/behavior_816214_2025-12-04_08-51-42/behavior-videos/bottom_camera.mp4,2496915,0.001999989439764405,1619919.338592,1625255.066144,trigger_log,re-index,ok,,no_frames_lost,170964,,13,0,2496915.0,0.0,0.0,0.0,0.0,True,2667879,2667879,behavior_816214_2025-12-04_08-51-42_motionenergy_2026-09-29_06-01-07
behavior_816214_2025-12-04_08-51-42,816214,SideCameraRight,side_camera_right,flat,cfa0f365-52ab-45fe-ad97-f029e771b93d,a71c5870-a612-4d3a-a90f-f2923829d2e6,/root/capsule/data/behavior_816214_2025-12-04_08-51-42/behavior-videos/side_camera_right.mp4,2498673,0.001999989434387527,1619919.338592,1625255.066144,trigger_log,re-index,ok,,no_frames_lost,169206,,15,0,2498673.0,0.0,0.0,0.0,0.0,True,2667879,2667879,behavior_816214_2025-12-04_08-51-42_motionenergy_2026-09-29_06-01-07
behavior_816214_2025-12-01_09-08-08,816214,BottomCamera,bottom_camera,flat,c5654354-0ccb-4640-928e-c85bedc1f5db,f7916fff-05a5-4fcd-99b3-30abc08824c7,/root/capsule/data/behavior_816214_2025-12-01_09-08-08/behavior-videos/bottom_camera.mp4,2593861,0.0019999858496603977,1361746.747584,1367286.872256,trigger_log,re-index,ok,,no_frames_lost,176222,,13,0,2593861.0,0.0,0.0,0.0,0.0,True,2770083,2770083,behavior_816214_2025-12-01_09-08-08_motionenergy_2026-09-29_05-52-55
behavior_816214_2025-12-01_09-08-08,816214,SideCameraRight,side_camera_right,flat,c5654354-0ccb-4640-928e-c85bedc1f5db,f7916fff-05a5-4fcd-99b3-30abc08824c7,/root/capsule/data/behavior_816214_2025-12-01_09-08-08/behavior-videos/side_camera_right.mp4,2590648,0.001999985838286741,1361746.747584,1367286.872256,trigger_log,re-index,ok,,no_frames_lost,179435,,15,0,2590648.0,0.0,0.0,0.0,0.0,True,2770083,2770083,behavior_816214_2025-12-01_09-08-08_motionenergy_2026-09-29_05-52-55
behavior_816214_2025-12-05_09-03-03,816214,BottomCamera,bottom_camera,flat,1d560c3d-88fb-4adf-a450-1be7d921673b,cf3ad0c0-6bf2-46f5-af10-6e8733134594,/root/capsule/data/behavior_816214_2025-12-05_09-03-03/behavior-videos/bottom_camera.mp4,2490174,0.0019999876699330135,1707039.835584,1712361.150784,trigger_log,re-index,ok,,no_frames_lost,170501,,13,0,2490174.0,0.0,0.0,0.0,0.0,True,2660675,2660675,behavior_816214_2025-12-05_09-03-03_motionenergy_2026-09-29_07-01-56
behavior_816214_2025-12-05_09-03-03,816214,SideCameraRight,side_camera_right,flat,1d560c3d-88fb-4adf-a450-1be7d921673b,cf3ad0c0-6bf2-46f5-af10-6e8733134594,/root/capsule/data/behavior_816214_2025-12-05_09-03-03/behavior-videos/side_camera_right.mp4,2489918,0.00199998766866526,1707039.835584,1712361.150784,trigger_log,re-index,ok,,no_frames_lost,170757,,15,0,2489918.0,0.0,0.0,0.0,0.0,True,2660675,2660675,behavior_816214_2025-12-05_09-03-03_motionenergy_2026-09-29_07-01-56
