session,camera,layout,qc_class,rows,fps,frame_gaps,frames_dropped,frame_backwards,harp_backwards,cam_backwards,flag_2.0x,flag_2.0x_on_gap,flag_2.0x_no_gap,gaps_missed_2.0x,flag_0.5x,flag_0.5x_on_gap,flag_0.5x_no_gap,gaps_missed_0.5x,clock_slip_s,clock_slip_frames,max_abs_delta_ms,p99_delta_ms
behavior_800886_2025-08-26_13-15-13,bottom_camera,flat,harp_glitch,2853470,500.12,0,0,0,2,0,0,0,0,0,2,0,2,0,-0.0776,-38.8,3.312,0.0476
behavior_800886_2025-08-26_13-15-13,side_camera_right,flat,harp_glitch,2853470,500.12,0,0,0,2,0,0,0,0,0,2,0,2,0,-0.0655,-32.8,3.312,0.0475
behavior_800886_2025-08-28_13-17-08,bottom_camera,flat,ok,2622435,500.12,0,0,0,0,0,0,0,0,0,0,0,0,0,-0.0713,-35.7,0.083,0.0478
behavior_800886_2025-08-28_13-17-08,side_camera_right,flat,ok,2622435,500.12,0,0,0,0,0,0,0,0,0,0,0,0,0,-0.0601,-30.1,0.084,0.0477
behavior_800886_2025-09-03_13-03-45,bottom_camera,flat,ok,2672569,500.12,0,0,0,0,0,0,0,0,0,0,0,0,0,-0.073,-36.5,0.083,0.0478
behavior_800886_2025-09-03_13-03-45,side_camera_right,flat,ok,2672569,500.12,0,0,0,0,0,0,0,0,0,0,0,0,0,-0.0613,-30.7,0.084,0.0477
behavior_800886_2025-09-05_13-58-04,bottom_camera,flat,ok,2594028,500.12,0,0,0,0,0,0,0,0,0,0,0,0,0,-0.0708,-35.4,0.083,0.0478
behavior_800886_2025-09-05_13-58-04,side_camera_right,flat,ok,2594028,500.12,0,0,0,0,0,0,0,0,0,0,0,0,0,-0.0592,-29.6,0.083,0.0477
behavior_800886_2025-09-11_13-52-51,bottom_camera,flat,ok,2627634,500.12,0,0,0,0,0,0,0,0,0,0,0,0,0,-0.0719,-36.0,0.083,0.0476
behavior_800886_2025-09-11_13-52-51,side_camera_right,flat,ok,2627634,500.12,0,0,0,0,0,0,0,0,0,0,0,0,0,-0.0601,-30.1,0.083,0.0475
behavior_818585_2025-12-05_09-45-45,bottom_camera,flat,ok,2579816,500.12,0,0,0,0,0,0,0,0,0,0,0,0,0,-0.0601,-30.0,0.111,0.0478
behavior_818585_2025-12-05_09-45-45,side_camera_right,flat,ok,2579816,500.13,0,0,0,0,0,0,0,0,0,0,0,0,0,-0.0441,-22.0,0.112,0.0478
behavior_818585_2025-12-10_09-38-40,bottom_camera,flat,harp_glitch,2561683,500.12,0,0,0,1,0,2,0,2,0,3,0,3,0,-0.0598,-29.9,983.025,0.0474
behavior_818585_2025-12-10_09-38-40,side_camera_right,flat,harp_glitch,2561683,500.13,0,0,0,1,0,2,0,2,0,3,0,3,0,-0.0441,-22.1,983.025,0.0474
behavior_818585_2025-12-11_09-49-52,bottom_camera,flat,ok,2612084,500.12,0,0,0,0,0,0,0,0,0,0,0,0,0,-0.061,-30.5,0.084,0.0476
behavior_818585_2025-12-11_09-49-52,side_camera_right,flat,ok,2612084,500.13,0,0,0,0,0,0,0,0,0,0,0,0,0,-0.0448,-22.4,0.087,0.0476
behavior_818585_2025-12-12_09-53-10,bottom_camera,flat,ok,2625905,500.12,0,0,0,0,0,0,0,0,0,0,0,0,0,-0.0612,-30.6,0.085,0.0476
behavior_818585_2025-12-12_09-53-10,side_camera_right,flat,ok,2625905,500.13,0,0,0,0,0,0,0,0,0,0,0,0,0,-0.045,-22.5,0.084,0.0476
behavior_818585_2025-12-15_09-45-47,bottom_camera,flat,ok,2568392,500.12,0,0,0,0,0,0,0,0,0,0,0,0,0,-0.0601,-30.1,0.086,0.0478
behavior_818585_2025-12-15_09-45-47,side_camera_right,flat,ok,2568392,500.13,0,0,0,0,0,0,0,0,0,0,0,0,0,-0.0442,-22.1,0.086,0.0477
behavior_818585_2025-12-16_09-49-11,bottom_camera,flat,ok,2071585,500.12,0,0,0,0,0,0,0,0,0,0,0,0,0,-0.0484,-24.2,0.084,0.0478
behavior_818585_2025-12-16_09-49-11,side_camera_right,flat,ok,2071585,500.13,0,0,0,0,0,0,0,0,0,0,0,0,0,-0.0356,-17.8,0.086,0.0478
behavior_818585_2025-12-22_13-10-50,bottom_camera,flat,frame_drops_harp_slip,2433438,500.09,290729,290729,0,0,0,0,0,0,290729,290729,290729,0,0,581.381,290745.1,2.083,2.0182
behavior_818585_2025-12-22_13-10-50,side_camera_right,flat,frame_drops_harp_slip,2434499,500.09,289668,289668,0,0,0,0,0,0,289668,289668,289668,0,0,579.2465,289674.3,2.082,2.0182
behavior_818585_2026-01-20_13-38-48,bottom_camera,flat,ok,2592041,500.12,0,0,0,0,0,0,0,0,0,0,0,0,0,-0.045,-22.5,0.112,0.0477
behavior_818585_2026-01-20_13-38-48,side_camera_right,flat,ok,2592041,500.12,0,0,0,0,0,0,0,0,0,0,0,0,0,-0.0423,-21.1,0.111,0.0477
behavior_818586_2025-12-22_11-02-52,bottom_camera,flat,frame_drops_harp_slip,2200360,500.11,152790,152790,0,0,0,0,0,0,152790,152790,152790,0,0,305.5153,152790.7,2.054,2.0178
behavior_818586_2025-12-22_11-02-52,side_camera_right,flat,frame_drops_harp_slip,2207348,500.11,145802,145802,0,0,0,0,0,0,145802,145802,145802,0,0,291.5289,145795.9,2.079,2.0177
behavior_818586_2025-12-24_11-03-38,bottom_camera,flat,frame_drops_harp_slip,2083551,500.11,141281,141281,0,0,0,0,0,0,141281,141281,141281,0,0,282.5008,141280.9,2.054,2.0178
behavior_818586_2025-12-24_11-03-38,side_camera_right,flat,frame_drops_harp_slip,2084685,500.11,140147,140147,0,0,0,0,0,0,140147,140147,140147,0,0,280.2228,140141.7,2.083,2.0177
behavior_818586_2026-01-02_11-11-54,bottom_camera,flat,frame_drops_harp_slip,2605468,500.11,177654,177654,0,0,0,0,0,0,177654,177654,177654,0,0,355.2315,177654.1,2.08,2.0178
behavior_818586_2026-01-02_11-11-54,side_camera_right,flat,frame_drops_harp_slip,2606672,500.11,176450,176450,0,0,0,0,0,0,176450,176450,176450,0,0,352.811,176443.6,2.082,2.0178
behavior_818586_2026-01-05_10-09-01,bottom_camera,nested,ok,2610155,500.12,0,0,0,0,0,0,0,0,0,0,0,0,0,-0.0426,-21.3,0.086,0.0477
behavior_818586_2026-01-05_10-09-01,side_camera_right,nested,ok,2610155,500.13,0,0,0,0,0,0,0,0,0,0,0,0,0,-0.0336,-16.8,0.084,0.0476
behavior_818586_2026-01-07_09-56-16,bottom_camera,flat,ok,2639384,500.12,0,0,0,0,0,0,0,0,0,0,0,0,0,-0.043,-21.5,0.086,0.0478
behavior_818586_2026-01-07_09-56-16,side_camera_right,flat,ok,2639384,500.13,0,0,0,0,0,0,0,0,0,0,0,0,0,-0.0342,-17.1,0.085,0.0478
behavior_818586_2026-01-08_08-45-11,bottom_camera,flat,ok,2410836,500.12,0,0,0,0,0,0,0,0,0,0,0,0,0,-0.0392,-19.6,0.083,0.0477
behavior_818586_2026-01-08_08-45-11,side_camera_right,flat,ok,2410836,500.13,0,0,0,0,0,0,0,0,0,0,0,0,0,-0.0312,-15.6,0.086,0.0477
behavior_818586_2026-01-09_09-23-20,bottom_camera,flat,ok,2653190,500.12,0,0,0,0,0,0,0,0,0,0,0,0,0,-0.0432,-21.6,0.084,0.0477
behavior_818586_2026-01-09_09-23-20,side_camera_right,flat,ok,2653190,500.13,0,0,0,0,0,0,0,0,0,0,0,0,0,-0.0344,-17.2,0.083,0.0477
behavior_818586_2026-01-12_09-34-09,bottom_camera,nested,ok,2630585,500.12,0,0,0,0,0,0,0,0,0,0,0,0,0,-0.0429,-21.5,0.084,0.0477
behavior_818586_2026-01-12_09-34-09,side_camera_right,nested,ok,2630585,500.13,0,0,0,0,0,0,0,0,0,0,0,0,0,-0.0341,-17.0,0.084,0.0477
behavior_818586_2026-01-13_09-25-36,bottom_camera,nested,ok,2609874,500.12,0,0,0,0,0,0,0,0,0,0,0,0,0,-0.0427,-21.3,0.086,0.0477
behavior_818586_2026-01-13_09-25-36,side_camera_right,nested,ok,2609874,500.13,0,0,0,0,0,0,0,0,0,0,0,0,0,-0.0339,-17.0,0.083,0.0477
behavior_818586_2026-01-14_10-02-19,bottom_camera,flat,ok,2633210,500.12,0,0,0,0,0,0,0,0,0,0,0,0,0,-0.043,-21.5,0.085,0.0477
behavior_818586_2026-01-14_10-02-19,side_camera_right,flat,ok,2633210,500.13,0,0,0,0,0,0,0,0,0,0,0,0,0,-0.0341,-17.0,0.086,0.0476
behavior_818586_2026-01-15_09-18-12,bottom_camera,flat,ok,2617921,500.12,0,0,0,0,0,0,0,0,0,0,0,0,0,-0.0428,-21.4,0.114,0.0475
behavior_818586_2026-01-15_09-18-12,side_camera_right,flat,ok,2617921,500.13,0,0,0,0,0,0,0,0,0,0,0,0,0,-0.034,-17.0,0.111,0.0475
behavior_818586_2026-01-16_09-19-39,bottom_camera,flat,ok,2622350,500.12,0,0,0,0,0,0,0,0,0,0,0,0,0,-0.0429,-21.4,0.086,0.0478
behavior_818586_2026-01-16_09-19-39,side_camera_right,flat,ok,2622348,500.13,0,0,0,0,0,0,0,0,0,0,0,0,0,-0.0341,-17.0,0.087,0.0477
behavior_818586_2026-01-20_08-39-29,bottom_camera,nested,ok,2648250,500.12,0,0,0,0,0,0,0,0,0,0,0,0,0,-0.0434,-21.7,0.111,0.0477
behavior_818586_2026-01-20_08-39-29,side_camera_right,nested,ok,2648250,500.13,0,0,0,0,0,0,0,0,0,0,0,0,0,-0.0345,-17.3,0.111,0.0477
behavior_818586_2026-01-21_09-43-54,bottom_camera,nested,harp_glitch,2517841,500.12,0,0,0,1,0,2,0,2,0,2,0,2,0,-0.0411,-20.6,983.056,0.0478
behavior_818586_2026-01-21_09-43-54,side_camera_right,nested,harp_glitch,2517841,500.13,0,0,0,1,0,2,0,2,0,2,0,2,0,-0.033,-16.5,983.055,0.0478
behavior_818586_2026-01-22_08-35-28,bottom_camera,nested,ok,2630960,500.12,0,0,0,0,0,0,0,0,0,0,0,0,0,-0.0429,-21.4,0.086,0.0476
behavior_818586_2026-01-22_08-35-28,side_camera_right,nested,ok,2630960,500.13,0,0,0,0,0,0,0,0,0,0,0,0,0,-0.0344,-17.2,0.084,0.0476
behavior_818586_2026-01-23_09-02-54,bottom_camera,nested,ok,2650940,500.12,0,0,0,0,0,0,0,0,0,0,0,0,0,-0.0432,-21.6,0.086,0.0477
behavior_818586_2026-01-23_09-02-54,side_camera_right,nested,ok,2650940,500.13,0,0,0,0,0,0,0,0,0,0,0,0,0,-0.0346,-17.3,0.086,0.0476
behavior_818586_2026-01-26_09-29-12,bottom_camera,nested,ok,2653878,500.12,0,0,0,0,0,0,0,0,0,0,0,0,0,-0.0433,-21.7,0.085,0.0478
behavior_818586_2026-01-26_09-29-12,side_camera_right,nested,ok,2653878,500.13,0,0,0,0,0,0,0,0,0,0,0,0,0,-0.0347,-17.3,0.086,0.0478
behavior_818586_2026-01-27_09-21-21,bottom_camera,nested,ok,2349470,500.12,0,0,0,0,0,0,0,0,0,0,0,0,0,-0.0384,-19.2,0.084,0.0477
behavior_818586_2026-01-27_09-21-21,side_camera_right,nested,ok,2349470,500.13,0,0,0,0,0,0,0,0,0,0,0,0,0,-0.0307,-15.4,0.084,0.0477
behavior_818586_2026-01-28_09-13-06,bottom_camera,nested,harp_glitch,2177515,500.12,0,0,0,1,0,2,0,2,0,2,0,2,0,-0.0356,-17.8,983.025,0.0477
behavior_818586_2026-01-28_09-13-06,side_camera_right,nested,harp_glitch,2177515,500.13,0,0,0,1,0,2,0,2,0,2,0,2,0,-0.0285,-14.3,983.025,0.0477
behavior_818586_2026-01-29_09-33-28,bottom_camera,nested,ok,2592505,500.12,0,0,0,0,0,0,0,0,0,0,0,0,0,-0.0424,-21.2,0.086,0.0477
behavior_818586_2026-01-29_09-33-28,side_camera_right,nested,ok,2592505,500.13,0,0,0,0,0,0,0,0,0,0,0,0,0,-0.0339,-17.0,0.086,0.0477
behavior_818586_2026-01-30_09-36-27,bottom_camera,nested,ok,2611508,500.12,0,0,0,0,0,0,0,0,0,0,0,0,0,-0.0427,-21.3,0.111,0.0476
behavior_818586_2026-01-30_09-36-27,side_camera_right,nested,ok,2611508,500.13,0,0,0,0,0,0,0,0,0,0,0,0,0,-0.0341,-17.1,0.111,0.0476
behavior_818586_2026-02-03_08-58-56,bottom_camera,nested,ok,1367637,500.12,0,0,0,0,0,0,0,0,0,0,0,0,0,-0.0222,-11.1,0.087,0.0478
behavior_818586_2026-02-03_08-58-56,side_camera_right,nested,ok,1367637,500.13,0,0,0,0,0,0,0,0,0,0,0,0,0,-0.0178,-8.9,0.083,0.0478
behavior_818586_2026-02-04_09-06-30,bottom_camera,nested,ok,2695445,500.12,0,0,0,0,0,0,0,0,0,0,0,0,0,-0.0439,-21.9,0.084,0.0476
behavior_818586_2026-02-04_09-06-30,side_camera_right,nested,ok,2695445,500.13,0,0,0,0,0,0,0,0,0,0,0,0,0,-0.035,-17.5,0.085,0.0476
behavior_808054_2025-09-02_10-38-37,bottom_camera,flat,ok,2745783,500.12,0,0,0,0,0,0,0,0,0,0,0,0,0,-0.0568,-28.4,0.084,0.0477
behavior_808054_2025-09-02_10-38-37,side_camera_right,flat,ok,2745783,500.13,0,0,0,0,0,0,0,0,0,0,0,0,0,-0.0657,-32.9,0.084,0.0478
behavior_808054_2025-09-03_09-59-42,bottom_camera,flat,ok,2642726,500.12,0,0,0,0,0,0,0,0,0,0,0,0,0,-0.0545,-27.2,0.084,0.0477
behavior_808054_2025-09-03_09-59-42,side_camera_right,flat,ok,2642726,500.13,0,0,0,0,0,0,0,0,0,0,0,0,0,-0.063,-31.5,0.085,0.0477
behavior_808054_2025-09-04_10-31-27,bottom_camera,flat,harp_glitch,2602427,500.12,0,0,0,1,0,2,0,2,0,2,0,2,0,-0.0539,-26.9,983.056,0.0476
behavior_808054_2025-09-04_10-31-27,side_camera_right,flat,harp_glitch,2602427,500.13,0,0,0,1,0,2,0,2,0,2,0,2,0,-0.0622,-31.1,983.059,0.0476
behavior_808054_2025-09-05_10-34-31,bottom_camera,flat,ok,2595384,500.12,0,0,0,0,0,0,0,0,0,0,0,0,0,-0.0535,-26.8,0.086,0.0477
behavior_808054_2025-09-05_10-34-31,side_camera_right,flat,ok,2595384,500.13,0,0,0,0,0,0,0,0,0,0,0,0,0,-0.062,-31.0,0.086,0.0477
behavior_808054_2025-09-08_10-33-04,bottom_camera,flat,ok,3030689,500.12,0,0,0,0,0,0,0,0,0,0,0,0,0,-0.0626,-31.3,0.085,0.0477
behavior_808054_2025-09-08_10-33-04,side_camera_right,flat,ok,3030689,500.13,0,0,0,0,0,0,0,0,0,0,0,0,0,-0.0725,-36.3,0.083,0.0477
behavior_808054_2025-09-09_10-37-08,bottom_camera,flat,harp_glitch,2684559,500.12,0,0,0,2,0,0,0,0,0,2,0,2,0,-0.0553,-27.7,2.099,0.0475
behavior_808054_2025-09-09_10-37-08,side_camera_right,flat,harp_glitch,2684559,500.13,0,0,0,2,0,0,0,0,0,2,0,2,0,-0.0641,-32.1,2.095,0.0474
behavior_808054_2025-09-10_10-28-53,bottom_camera,flat,ok,2642091,500.12,0,0,0,0,0,0,0,0,0,0,0,0,0,-0.0547,-27.3,0.084,0.0476
behavior_808054_2025-09-10_10-28-53,side_camera_right,flat,ok,2642091,500.13,0,0,0,0,0,0,0,0,0,0,0,0,0,-0.0632,-31.6,0.083,0.0476
behavior_808054_2025-09-11_10-27-11,bottom_camera,flat,ok,2611178,500.12,0,0,0,0,0,0,0,0,0,0,0,0,0,-0.0536,-26.8,0.086,0.0476
behavior_808054_2025-09-11_10-27-11,side_camera_right,flat,ok,2611178,500.13,0,0,0,0,0,0,0,0,0,0,0,0,0,-0.0623,-31.2,0.086,0.0476
behavior_808054_2025-09-12_10-24-04,bottom_camera,flat,ok,2606265,500.12,0,0,0,0,0,0,0,0,0,0,0,0,0,-0.0534,-26.7,0.083,0.0477
behavior_808054_2025-09-12_10-24-04,side_camera_right,flat,ok,2606265,500.13,0,0,0,0,0,0,0,0,0,0,0,0,0,-0.0622,-31.1,0.083,0.0477
behavior_808054_2025-09-15_10-40-01,bottom_camera,flat,ok,2593753,500.12,0,0,0,0,0,0,0,0,0,0,0,0,0,-0.053,-26.5,0.086,0.0477
behavior_808054_2025-09-15_10-40-01,side_camera_right,flat,ok,2593753,500.13,0,0,0,0,0,0,0,0,0,0,0,0,0,-0.0619,-30.9,0.083,0.0477
behavior_808054_2025-09-16_10-29-48,bottom_camera,flat,harp_glitch,2309487,500.12,0,0,0,3,0,6,0,6,0,6,0,6,0,-0.0473,-23.7,983.057,0.0477
behavior_808054_2025-09-16_10-29-48,side_camera_right,flat,harp_glitch,2309487,500.13,0,0,0,3,0,6,0,6,0,6,0,6,0,-0.055,-27.5,983.059,0.0477
behavior_808054_2025-09-17_10-29-46,bottom_camera,flat,ok,2675367,500.12,0,0,0,0,0,0,0,0,0,0,0,0,0,-0.0552,-27.6,0.086,0.0478
behavior_808054_2025-09-17_10-29-46,side_camera_right,flat,ok,2675367,500.13,0,0,0,0,0,0,0,0,0,0,0,0,0,-0.064,-32.0,0.083,0.0478
behavior_808054_2025-09-18_10-24-37,bottom_camera,flat,ok,2594751,500.12,0,0,0,0,0,0,0,0,0,0,0,0,0,-0.0533,-26.7,0.084,0.0478
behavior_808054_2025-09-18_10-24-37,side_camera_right,flat,ok,2594751,500.13,0,0,0,0,0,0,0,0,0,0,0,0,0,-0.0621,-31.1,0.084,0.0478
behavior_808054_2025-09-22_09-55-53,bottom_camera,flat,ok,2769833,500.12,0,0,0,0,0,0,0,0,0,0,0,0,0,-0.0568,-28.4,0.084,0.0476
behavior_808054_2025-09-22_09-55-53,side_camera_right,flat,ok,2769833,500.13,0,0,0,0,0,0,0,0,0,0,0,0,0,-0.0663,-33.1,0.086,0.0476
behavior_808054_2025-09-23_10-41-05,bottom_camera,flat,ok,2755772,500.12,0,0,0,0,0,0,0,0,0,0,0,0,0,-0.0568,-28.4,0.088,0.0476
behavior_808054_2025-09-23_10-41-05,side_camera_right,flat,ok,2755772,500.13,0,0,0,0,0,0,0,0,0,0,0,0,0,-0.0658,-32.9,0.085,0.0476
behavior_808054_2025-09-26_11-02-53,bottom_camera,flat,frame_drops_harp_slip,2416752,500.1,161072,161072,0,0,0,0,0,0,161072,161072,161072,0,0,322.0758,161070.7,2.083,2.0177
behavior_808054_2025-09-26_11-02-53,side_camera_right,flat,frame_drops_harp_slip,2411196,500.11,166628,166628,0,0,0,0,0,0,166628,166628,166628,0,0,333.1769,166624.4,2.079,2.0178
behavior_809487_2025-09-22_11-43-21,bottom_camera,flat,ok,2616614,500.12,0,0,0,0,0,0,0,0,0,0,0,0,0,-0.0411,-20.6,0.084,0.0476
behavior_809487_2025-09-22_11-43-21,side_camera_right,flat,ok,2616614,500.12,0,0,0,0,0,0,0,0,0,0,0,0,0,-0.0326,-16.3,0.083,0.0476
behavior_809487_2025-09-24_13-59-44,bottom_camera,flat,ok,2698162,500.12,0,0,0,0,0,0,0,0,0,0,0,0,0,-0.0425,-21.2,0.083,0.0476
behavior_809487_2025-09-24_13-59-44,side_camera_right,flat,ok,2698162,500.12,0,0,0,0,0,0,0,0,0,0,0,0,0,-0.0338,-16.9,0.084,0.0476
behavior_809487_2025-09-25_13-59-05,bottom_camera,flat,ok,2733032,500.12,0,0,0,0,0,0,0,0,0,0,0,0,0,-0.0432,-21.6,0.086,0.0476
behavior_809487_2025-09-25_13-59-05,side_camera_right,flat,ok,2733032,500.12,0,0,0,0,0,0,0,0,0,0,0,0,0,-0.0343,-17.1,0.083,0.0476
behavior_809487_2025-09-26_12-43-39,bottom_camera,flat,ok,2710950,500.12,0,0,0,0,0,0,0,0,0,0,0,0,0,-0.0428,-21.4,0.111,0.0477
behavior_809487_2025-09-26_12-43-39,side_camera_right,flat,ok,2710950,500.12,0,0,0,0,0,0,0,0,0,0,0,0,0,-0.0341,-17.0,0.111,0.0477
behavior_809487_2025-09-29_14-11-52,bottom_camera,flat,ok,2621997,500.12,0,0,0,0,0,0,0,0,0,0,0,0,0,-0.0415,-20.8,0.086,0.0476
behavior_809487_2025-09-29_14-11-52,side_camera_right,flat,ok,2621997,500.12,0,0,0,0,0,0,0,0,0,0,0,0,0,-0.0329,-16.4,0.086,0.0476
behavior_809487_2025-10-08_12-57-02,bottom_camera,flat,ok,2413257,500.12,0,0,0,0,0,0,0,0,0,0,0,0,0,-0.0383,-19.1,0.084,0.0477
behavior_809487_2025-10-08_12-57-02,side_camera_right,flat,ok,2413257,500.12,0,0,0,0,0,0,0,0,0,0,0,0,0,-0.0304,-15.2,0.083,0.0477
behavior_809487_2025-10-10_12-33-41,bottom_camera,flat,ok,2741949,500.12,0,0,0,0,0,0,0,0,0,0,0,0,0,-0.0435,-21.8,0.086,0.0476
behavior_809487_2025-10-10_12-33-41,side_camera_right,flat,ok,2741949,500.12,0,0,0,0,0,0,0,0,0,0,0,0,0,-0.0346,-17.3,0.083,0.0476
behavior_809487_2025-10-15_14-22-59,bottom_camera,flat,ok,2566404,500.12,0,0,0,0,0,0,0,0,0,0,0,0,0,-0.0408,-20.4,0.087,0.0477
behavior_809487_2025-10-15_14-22-59,side_camera_right,flat,ok,2566404,500.12,0,0,0,0,0,0,0,0,0,0,0,0,0,-0.0324,-16.2,0.084,0.0477
behavior_809491_2025-10-01_09-33-38,bottom_camera,flat,ok,2618754,500.12,0,0,0,0,0,0,0,0,0,0,0,0,0,-0.0606,-30.3,0.084,0.0479
behavior_809491_2025-10-01_09-33-38,side_camera_right,flat,ok,2618754,500.13,0,0,0,0,0,0,0,0,0,0,0,0,0,-0.0436,-21.8,0.083,0.0478
behavior_809491_2025-10-02_09-23-46,bottom_camera,flat,harp_glitch,2566316,500.12,0,0,0,1,0,2,0,2,0,2,0,2,0,-0.0595,-29.7,983.025,0.0475
behavior_809491_2025-10-02_09-23-46,side_camera_right,flat,harp_glitch,2566316,500.13,0,0,0,1,0,2,0,2,0,2,0,2,0,-0.0429,-21.5,983.026,0.0475
behavior_809491_2025-10-03_09-36-11,bottom_camera,flat,harp_glitch,2510262,500.12,0,0,0,2,0,4,0,4,0,4,0,4,0,-0.0581,-29.1,983.025,0.0478
behavior_809491_2025-10-03_09-36-11,side_camera_right,flat,harp_glitch,2510262,500.13,0,0,0,2,0,4,0,4,0,4,0,4,0,-0.0419,-20.9,983.025,0.0477
behavior_809491_2025-10-06_08-46-19,bottom_camera,flat,ok,2590583,500.12,0,0,0,0,0,0,0,0,0,0,0,0,0,-0.0601,-30.1,0.084,0.0477
behavior_809491_2025-10-06_08-46-19,side_camera_right,flat,ok,2590583,500.13,0,0,0,0,0,0,0,0,0,0,0,0,0,-0.0434,-21.7,0.083,0.0477
behavior_809491_2025-10-09_09-57-13,bottom_camera,flat,harp_glitch,2693359,500.12,0,0,0,2,0,4,0,4,0,4,0,4,0,-0.0626,-31.3,983.056,0.0477
behavior_809491_2025-10-09_09-57-13,side_camera_right,flat,harp_glitch,2693359,500.13,0,0,0,2,0,4,0,4,0,4,0,4,0,-0.0453,-22.6,983.056,0.0477
behavior_809491_2025-10-10_09-35-15,bottom_camera,flat,ok,2513964,500.12,0,0,0,0,0,0,0,0,0,0,0,0,0,-0.0583,-29.2,0.084,0.0475
behavior_809491_2025-10-10_09-35-15,side_camera_right,flat,ok,2513964,500.13,0,0,0,0,0,0,0,0,0,0,0,0,0,-0.0422,-21.1,0.083,0.0475
behavior_809491_2025-10-13_09-26-46,bottom_camera,flat,ok,2602586,500.12,0,0,0,0,0,0,0,0,0,0,0,0,0,-0.0604,-30.2,0.086,0.0475
behavior_809491_2025-10-13_09-26-46,side_camera_right,flat,ok,2602586,500.13,0,0,0,0,0,0,0,0,0,0,0,0,0,-0.0437,-21.9,0.084,0.0475
behavior_809491_2025-10-14_09-27-06,bottom_camera,flat,ok,2566312,500.12,0,0,0,0,0,0,0,0,0,0,0,0,0,-0.0595,-29.8,0.083,0.0477
behavior_809491_2025-10-14_09-27-06,side_camera_right,flat,ok,2566312,500.13,0,0,0,0,0,0,0,0,0,0,0,0,0,-0.0432,-21.6,0.086,0.0476
behavior_809491_2025-10-17_09-26-49,bottom_camera,flat,ok,2573281,500.12,0,0,0,0,0,0,0,0,0,0,0,0,0,-0.0597,-29.8,0.083,0.0476
behavior_809491_2025-10-17_09-26-49,side_camera_right,flat,ok,2573281,500.13,0,0,0,0,0,0,0,0,0,0,0,0,0,-0.0432,-21.6,0.083,0.0476
behavior_809491_2025-10-20_09-31-46,bottom_camera,flat,harp_glitch,2568887,500.12,0,0,0,1,0,2,0,2,0,2,0,2,0,-0.0596,-29.8,983.056,0.0477
behavior_809491_2025-10-20_09-31-46,side_camera_right,flat,harp_glitch,2568887,500.13,0,0,0,1,0,2,0,2,0,2,0,2,0,-0.0432,-21.6,983.058,0.0476
behavior_809491_2025-10-21_09-37-59,bottom_camera,flat,ok,2566232,500.12,0,0,0,0,0,0,0,0,0,0,0,0,0,-0.0595,-29.8,0.084,0.0475
behavior_809491_2025-10-21_09-37-59,side_camera_right,flat,ok,2566232,500.13,0,0,0,0,0,0,0,0,0,0,0,0,0,-0.0431,-21.6,0.086,0.0475
behavior_809491_2025-10-22_09-25-35,bottom_camera,flat,ok,2576323,500.12,0,0,0,0,0,0,0,0,0,0,0,0,0,-0.0598,-29.9,0.084,0.0477
behavior_809491_2025-10-22_09-25-35,side_camera_right,flat,ok,2576323,500.13,0,0,0,0,0,0,0,0,0,0,0,0,0,-0.0433,-21.7,0.083,0.0477
behavior_809491_2025-10-23_09-38-27,bottom_camera,flat,ok,2558434,500.12,0,0,0,0,0,0,0,0,0,0,0,0,0,-0.0594,-29.7,0.084,0.0477
behavior_809491_2025-10-23_09-38-27,side_camera_right,flat,ok,2558434,500.13,0,0,0,0,0,0,0,0,0,0,0,0,0,-0.0431,-21.5,0.083,0.0477
behavior_809491_2025-10-24_09-42-09,bottom_camera,flat,ok,2600662,500.12,0,0,0,0,0,0,0,0,0,0,0,0,0,-0.0604,-30.2,0.086,0.0475
behavior_809491_2025-10-24_09-42-09,side_camera_right,flat,ok,2600662,500.13,0,0,0,0,0,0,0,0,0,0,0,0,0,-0.0438,-21.9,0.085,0.0475
behavior_809491_2025-10-27_09-04-55,bottom_camera,flat,ok,2587782,500.12,0,0,0,0,0,0,0,0,0,0,0,0,0,-0.0602,-30.1,0.084,0.0477
behavior_809491_2025-10-27_09-04-55,side_camera_right,flat,ok,2587782,500.13,0,0,0,0,0,0,0,0,0,0,0,0,0,-0.0436,-21.8,0.086,0.0477
behavior_809491_2025-10-28_09-30-50,bottom_camera,flat,ok,2556837,500.12,0,0,0,0,0,0,0,0,0,0,0,0,0,-0.0593,-29.7,0.084,0.0476
behavior_809491_2025-10-28_09-30-50,side_camera_right,flat,ok,2556837,500.13,0,0,0,0,0,0,0,0,0,0,0,0,0,-0.043,-21.5,0.085,0.0476
behavior_809491_2025-10-29_09-35-17,bottom_camera,flat,harp_glitch,2594396,500.12,0,0,0,2,0,4,0,4,0,4,0,4,0,-0.0602,-30.1,983.028,0.0477
behavior_809491_2025-10-29_09-35-17,side_camera_right,flat,harp_glitch,2594396,500.13,0,0,0,2,0,4,0,4,0,4,0,4,0,-0.0437,-21.9,983.025,0.0477
behavior_809491_2025-10-30_09-19-42,bottom_camera,flat,harp_glitch,2555649,500.12,0,0,0,1,0,2,0,2,0,2,0,2,0,-0.0594,-29.7,983.025,0.0475
behavior_809491_2025-10-30_09-19-42,side_camera_right,flat,harp_glitch,2555649,500.13,0,0,0,1,0,2,0,2,0,2,0,2,0,-0.0431,-21.5,983.026,0.0475
behavior_809491_2025-10-31_09-25-40,bottom_camera,flat,ok,2573251,500.12,0,0,0,0,0,0,0,0,0,0,0,0,0,-0.0598,-29.9,0.084,0.0477
behavior_809491_2025-10-31_09-25-40,side_camera_right,flat,ok,2573251,500.13,0,0,0,0,0,0,0,0,0,0,0,0,0,-0.0434,-21.7,0.085,0.0477
behavior_809491_2025-11-13_09-08-18,bottom_camera,flat,harp_glitch,2316849,500.12,0,0,0,1,0,1,0,1,0,2,0,2,0,-0.0707,-35.4,6.24,0.0475
behavior_809491_2025-11-13_09-08-18,side_camera_right,flat,harp_glitch,2316849,500.12,0,0,0,1,0,1,0,1,0,2,0,2,0,-0.06,-30.0,5.145,0.0475
behavior_815334_2025-11-04_09-43-32,bottom_camera,flat,harp_glitch,2611704,500.12,0,0,0,0,0,0,0,0,0,2,0,2,0,-0.0404,-20.2,1.871,0.0476
behavior_815334_2025-11-04_09-43-32,side_camera_right,flat,harp_glitch,2611704,500.12,0,0,0,0,0,0,0,0,0,2,0,2,0,-0.032,-16.0,1.872,0.0476
behavior_815334_2025-11-12_10-26-10,bottom_camera,flat,ok,2631688,500.12,0,0,0,0,0,0,0,0,0,0,0,0,0,-0.0421,-21.0,0.084,0.0477
behavior_815334_2025-11-12_10-26-10,side_camera_right,flat,ok,2631688,500.12,0,0,0,0,0,0,0,0,0,0,0,0,0,-0.0337,-16.8,0.083,0.0476
behavior_815334_2025-11-13_09-57-59,bottom_camera,flat,ok,2653698,500.12,0,0,0,0,0,0,0,0,0,0,0,0,0,-0.0425,-21.3,0.086,0.0477
behavior_815334_2025-11-13_09-57-59,side_camera_right,flat,ok,2653698,500.12,0,0,0,0,0,0,0,0,0,0,0,0,0,-0.034,-17.0,0.084,0.0476
behavior_815334_2025-11-14_09-11-13,bottom_camera,flat,ok,2628572,500.12,0,0,0,0,0,0,0,0,0,0,0,0,0,-0.042,-21.0,0.083,0.0475
behavior_815334_2025-11-14_09-11-13,side_camera_right,flat,ok,2628572,500.12,0,0,0,0,0,0,0,0,0,0,0,0,0,-0.0336,-16.8,0.085,0.0475
behavior_816212_2025-11-13_14-13-21,bottom_camera,flat,frame_drops_harp_slip,2403275,500.09,286980,286980,0,0,0,0,0,0,286980,286980,286980,0,0,573.8855,286996.7,2.082,2.0182
behavior_816212_2025-11-13_14-13-21,side_camera_right,flat,frame_drops_harp_slip,2402848,500.09,287408,287408,0,0,0,0,0,0,287408,287408,287408,0,0,574.7298,287415.5,2.083,2.0182
behavior_816212_2025-11-18_13-22-34,bottom_camera,flat,frame_drops_harp_slip,2623291,500.09,312523,312523,0,0,0,0,0,0,312523,312523,312523,0,0,624.9651,312541.3,2.085,2.0182
behavior_816212_2025-11-18_13-22-34,side_camera_right,flat,frame_drops_harp_slip,2624100,500.09,311714,311714,0,0,0,0,0,0,311714,311714,311714,0,0,623.3342,311722.0,2.082,2.0182
behavior_816212_2025-11-26_13-27-32,bottom_camera,flat,frame_drops_harp_slip,2590917,500.09,308663,308663,0,0,0,0,0,0,308663,308663,308663,0,0,617.245,308680.6,2.082,2.0182
behavior_816212_2025-11-26_13-27-32,side_camera_right,flat,frame_drops_harp_slip,2590326,500.09,309254,309254,0,0,0,0,0,0,309254,309254,309254,0,0,618.4138,309261.3,2.083,2.0182
behavior_816212_2025-12-02_13-36-19,bottom_camera,flat,frame_drops_harp_slip,2807046,500.09,333111,333111,0,0,0,0,0,0,333111,333111,333111,0,0,666.1343,333129.8,2.083,2.0182
behavior_816212_2025-12-02_13-36-19,side_camera_right,flat,frame_drops_harp_slip,2806859,500.09,333299,333299,0,0,0,0,0,0,333299,333299,333299,0,0,666.4961,333306.7,2.08,2.0182
behavior_816212_2025-12-05_13-47-41,bottom_camera,flat,frame_drops_harp_slip,2748281,500.11,187024,187024,0,0,0,0,0,0,187024,187024,187024,0,0,373.9683,187024.5,2.054,2.0178
behavior_816212_2025-12-05_13-47-41,side_camera_right,flat,frame_drops_harp_slip,2749302,500.11,186003,186003,0,0,0,0,0,0,186003,186003,186003,0,0,371.9134,185996.9,2.054,2.0177
behavior_816212_2025-12-09_12-51-52,bottom_camera,flat,frame_drops_harp_slip,2503200,500.1,227245,227245,0,0,0,0,0,0,227245,227245,227245,0,0,454.4146,227253.7,2.083,2.018
behavior_816212_2025-12-09_12-51-52,side_camera_right,flat,frame_drops_harp_slip,2522813,500.1,207632,207632,0,0,0,0,0,0,207632,207632,207632,0,0,415.1768,207630.8,2.078,2.018
behavior_816212_2025-12-10_13-27-38,bottom_camera,flat,frame_drops_harp_slip,2470730,500.09,294045,294045,0,0,0,0,0,0,294045,294047,294045,2,0,588.0129,294061.7,2.054,2.0182
behavior_816212_2025-12-10_13-27-38,side_camera_right,flat,frame_drops_harp_slip,2469328,500.09,295447,295447,0,0,0,0,0,0,295447,295449,295447,2,0,590.8052,295454.6,2.081,2.0182
behavior_816212_2025-12-11_13-24-29,bottom_camera,flat,frame_drops_harp_slip,2365996,500.1,239794,239794,0,0,0,0,0,0,239794,239794,239794,0,0,479.5156,239805.8,2.082,2.0181
behavior_816212_2025-12-11_13-24-29,side_camera_right,flat,frame_drops_harp_slip,2366213,500.1,239577,239577,0,0,0,0,0,0,239577,239577,239577,0,0,479.0702,239581.1,2.082,2.0181
behavior_816214_2025-12-01_09-08-08,bottom_camera,flat,frame_drops_harp_slip,2593861,500.11,176222,176222,0,0,0,0,0,0,176222,176222,176222,0,0,352.3682,176222.2,2.081,2.0178
behavior_816214_2025-12-01_09-08-08,side_camera_right,flat,frame_drops_harp_slip,2590648,500.1,179435,179435,0,0,0,0,0,0,179435,179435,179435,0,0,358.7817,179427.4,2.082,2.0178
behavior_816214_2025-12-02_08-28-39,bottom_camera,flat,frame_drops_harp_slip,2492931,500.11,172631,172631,0,2,0,4,0,4,172631,172635,172631,4,0,345.1897,172632.2,983.057,2.0178
behavior_816214_2025-12-02_08-28-39,side_camera_right,flat,frame_drops_harp_slip,2498774,500.1,166788,166788,0,2,0,4,1,3,166787,166791,166788,3,0,333.4919,166780.0,985.055,2.0177
behavior_816214_2025-12-03_08-39-48,bottom_camera,flat,frame_drops_harp_slip,2500084,500.11,171460,171460,0,0,0,0,0,0,171460,171460,171460,0,0,342.8475,171460.8,2.082,2.0178
behavior_816214_2025-12-03_08-39-48,side_camera_right,flat,frame_drops_harp_slip,2502973,500.1,168571,168571,0,0,0,0,0,0,168571,168571,168571,0,0,337.0577,168563.2,2.083,2.0177
behavior_816214_2025-12-04_08-51-42,bottom_camera,flat,frame_drops_harp_slip,2496915,500.1,170964,170964,0,0,0,0,0,0,170964,170964,170964,0,0,341.8553,170962.5,2.082,2.0178
behavior_816214_2025-12-04_08-51-42,side_camera_right,flat,frame_drops_harp_slip,2498673,500.11,169206,169206,0,0,0,0,0,0,169206,169206,169206,0,0,338.3276,169200.3,2.081,2.0177
behavior_816214_2025-12-05_09-03-03,bottom_camera,flat,frame_drops_harp_slip,2490174,500.1,170501,170501,0,0,0,0,0,0,170501,170501,170501,0,0,340.9295,170499.5,2.086,2.0178
behavior_816214_2025-12-05_09-03-03,side_camera_right,flat,frame_drops_harp_slip,2489918,500.11,170757,170757,0,0,0,0,0,0,170757,170757,170757,0,0,341.4298,170751.8,2.082,2.0178
