raw_session,me_asset_id,me_asset_name,me_run_id,raw_asset_id
behavior_800886_2025-08-26_13-15-13,3b1d0d7f-065b-4c29-8d72-909f0b3d7308,behavior_800886_2025-08-26_13-15-13_motionenergy_2026-09-29_06-00-03,ce719ee8-ca14-4f52-8f8b-8655237a3c8e,a1fbf4a9-8d94-4057-8618-5701e4c0caac
behavior_800886_2025-08-28_13-17-08,b6524976-d5c6-4583-a649-c6eaacd95f50,behavior_800886_2025-08-28_13-17-08_motionenergy_2026-09-29_06-00-10,ce719ee8-ca14-4f52-8f8b-8655237a3c8e,b47b6ca1-7343-46b8-a1ac-d31643376499
behavior_800886_2025-09-03_13-03-45,4855821f-5dec-43b1-8ce5-383c31f07a4d,behavior_800886_2025-09-03_13-03-45_motionenergy_2026-09-29_06-00-16,ce719ee8-ca14-4f52-8f8b-8655237a3c8e,a48bbaab-9ac5-492f-bac0-34e13e1860ea
behavior_800886_2025-09-05_13-58-04,d5949782-6af2-4950-88d7-c24fbb346522,behavior_800886_2025-09-05_13-58-04_motionenergy_2026-09-29_06-00-23,ce719ee8-ca14-4f52-8f8b-8655237a3c8e,2f50d662-4150-48d0-930b-b25cfe33b685
behavior_800886_2025-09-11_13-52-51,553fdbd9-7d6c-4ced-b9de-ee5b1c65c70b,behavior_800886_2025-09-11_13-52-51_motionenergy_2026-09-29_06-00-29,ce719ee8-ca14-4f52-8f8b-8655237a3c8e,7cedfba0-863c-44ed-af1f-d4ce9c6589a6
behavior_818585_2025-12-05_09-45-45,29edbc5e-700e-4093-88d9-074f4a6d630d,behavior_818585_2025-12-05_09-45-45_motionenergy_2026-09-29_07-26-30,2b3a9315-22b5-47f9-b929-687240392f82,e3523615-172c-46a3-a676-369f29de5d9d
behavior_818585_2025-12-10_09-38-40,51a7ac21-904e-4370-a35c-e67bef128fb8,behavior_818585_2025-12-10_09-38-40_motionenergy_2026-09-29_07-18-15,2b3a9315-22b5-47f9-b929-687240392f82,42c2eae6-53be-4346-b157-d61612fbb45c
behavior_818585_2025-12-11_09-49-52,b7b141d4-36bf-4470-9e22-e91b91dbe39a,behavior_818585_2025-12-11_09-49-52_motionenergy_2026-09-29_07-22-22,2b3a9315-22b5-47f9-b929-687240392f82,cc5eadea-08f6-405c-b294-04a0b0876959
behavior_818585_2025-12-12_09-53-10,9a5a3e4f-3c01-4742-8167-97aa7070bb95,behavior_818585_2025-12-12_09-53-10_motionenergy_2026-09-29_07-32-42,2b3a9315-22b5-47f9-b929-687240392f82,64f04de0-59c3-4dca-b903-4319bc630aaf
behavior_818585_2025-12-15_09-45-47,3b275a12-8c14-4011-bb4a-bd0d12f6d95d,behavior_818585_2025-12-15_09-45-47_motionenergy_2026-09-29_07-30-38,2b3a9315-22b5-47f9-b929-687240392f82,f0ad20a5-0cda-4109-9384-02e990fb8167
behavior_818585_2025-12-16_09-49-11,61e07d6d-efc6-44da-a320-566d0f04593e,behavior_818585_2025-12-16_09-49-11_motionenergy_2026-09-29_07-12-07,2b3a9315-22b5-47f9-b929-687240392f82,afe93a8a-b89d-45c4-8ebe-99189e3f3c88
behavior_818585_2025-12-22_13-10-50,1dc1ec83-3046-4a03-9725-89a8281f2ab1,behavior_818585_2025-12-22_13-10-50_motionenergy_2026-09-29_07-28-35,2b3a9315-22b5-47f9-b929-687240392f82,fd7f9837-6d60-4e73-8e48-ca17fbddb610
behavior_818585_2026-01-20_13-38-48,acfdc406-d747-41bb-a38a-6d017edf3066,behavior_818585_2026-01-20_13-38-48_motionenergy_2026-09-29_07-38-49,2b3a9315-22b5-47f9-b929-687240392f82,9fe06269-c4e3-4fad-ba77-a4b7178ef298
behavior_818586_2025-12-22_11-02-52,851da79b-8b9c-42db-b802-aa06d03de0af,behavior_818586_2025-12-22_11-02-52_motionenergy_2026-09-29_11-55-17,2b3a9315-22b5-47f9-b929-687240392f82,eabe3e8f-0081-421c-9578-41d27a38abcf
behavior_818586_2025-12-24_11-03-38,46ae4a45-14af-4a3e-b42c-0ee782c1f344,behavior_818586_2025-12-24_11-03-38_motionenergy_2026-09-29_11-57-22,2b3a9315-22b5-47f9-b929-687240392f82,8004b76b-609e-4390-a27e-669a0dbe4563
behavior_818586_2026-01-02_11-11-54,b547b9e6-c7ab-420a-82b1-4ce07157d2ba,behavior_818586_2026-01-02_11-11-54_motionenergy_2026-09-29_12-17-47,2b3a9315-22b5-47f9-b929-687240392f82,96299123-0994-423b-9131-d81fd83af1fe
behavior_818586_2026-01-05_10-09-01,34bd6974-698d-4699-90bb-253894b94f16,behavior_818586_2026-01-05_10-09-01_motionenergy_2026-09-29_12-19-51,2b3a9315-22b5-47f9-b929-687240392f82,aa4bcfbf-dec4-454c-b7f5-4dd8d1564242
behavior_818586_2026-01-07_09-56-16,90123b8e-a6b0-4b7f-b745-0deddb39e94e,behavior_818586_2026-01-07_09-56-16_motionenergy_2026-09-29_12-25-59,2b3a9315-22b5-47f9-b929-687240392f82,337548a5-ec67-48b6-ab67-0771f5e9e707
behavior_818586_2026-01-08_08-45-11,ea74a19b-5e6e-4082-9343-fc2bf12bd2ef,behavior_818586_2026-01-08_08-45-11_motionenergy_2026-09-29_12-13-42,2b3a9315-22b5-47f9-b929-687240392f82,f5dc315b-5e92-43bf-9e09-9a437034fe47
behavior_818586_2026-01-09_09-23-20,21bc9fbd-6695-4640-8a0b-b0b63179632b,behavior_818586_2026-01-09_09-23-20_motionenergy_2026-09-29_12-28-03,2b3a9315-22b5-47f9-b929-687240392f82,979bcc32-aeb5-4600-9b9b-aaf8ba970999
behavior_818586_2026-01-12_09-34-09,b7fd1769-9e80-46db-ae57-3d008368fb6c,behavior_818586_2026-01-12_09-34-09_motionenergy_2026-09-29_12-30-07,2b3a9315-22b5-47f9-b929-687240392f82,95855e60-1e7c-45c0-94a2-6e903388e1c4
behavior_818586_2026-01-13_09-25-36,f3f4a3b0-c546-4d65-a2de-8e4e91dd9087,behavior_818586_2026-01-13_09-25-36_motionenergy_2026-09-29_12-32-10,2b3a9315-22b5-47f9-b929-687240392f82,f2bc3f41-e96c-405a-a33c-cb4692c60e31
behavior_818586_2026-01-14_10-02-19,6ecc9044-bfef-45e8-bfcc-09fd710c4da5,behavior_818586_2026-01-14_10-02-19_motionenergy_2026-09-29_12-30-08,2b3a9315-22b5-47f9-b929-687240392f82,6074c7b3-cd85-43cc-832b-9959cb9e9cf4
behavior_818586_2026-01-15_09-18-12,80115590-cf82-4b72-94c6-ab4cefa83b7c,behavior_818586_2026-01-15_09-18-12_motionenergy_2026-09-29_12-21-55,2b3a9315-22b5-47f9-b929-687240392f82,33981e8d-7b7e-4fd0-8418-b8438185f94a
behavior_818586_2026-01-16_09-19-39,38ac0a9b-a1ea-420d-a7be-2e6fad8b0860,behavior_818586_2026-01-16_09-19-39_motionenergy_2026-09-29_13-04-28,2b3a9315-22b5-47f9-b929-687240392f82,95672338-5f51-4497-bda0-a93bf4bbec44
behavior_818586_2026-01-20_08-39-29,b38e6ac2-e425-4f91-9dfd-9fbc038d23e4,behavior_818586_2026-01-20_08-39-29_motionenergy_2026-09-29_13-34-45,2b3a9315-22b5-47f9-b929-687240392f82,d41475f5-be3b-416d-95d6-3477538cdff1
behavior_818586_2026-01-21_09-43-54,2056aa82-6f97-485e-a1b0-8162e07d5b98,behavior_818586_2026-01-21_09-43-54_motionenergy_2026-09-29_13-34-46,2b3a9315-22b5-47f9-b929-687240392f82,b369b3ed-6088-42c3-95b2-67382c34f729
behavior_818586_2026-01-22_08-35-28,2b453a46-86f2-495c-aefc-4daea7664624,behavior_818586_2026-01-22_08-35-28_motionenergy_2026-09-29_13-36-49,2b3a9315-22b5-47f9-b929-687240392f82,6c7c34dc-3c5b-465e-aafa-8a6c8bd33935
behavior_818586_2026-01-23_09-02-54,3f9559c8-b04f-4ff7-89f5-adf98d49943b,behavior_818586_2026-01-23_09-02-54_motionenergy_2026-09-29_13-38-51,2b3a9315-22b5-47f9-b929-687240392f82,c926c31b-0cab-4e26-957d-e907474ab3e9
behavior_818586_2026-01-26_09-29-12,69c4212c-9ece-4e13-93f2-8779b9ffb4e2,behavior_818586_2026-01-26_09-29-12_motionenergy_2026-09-29_13-40-54,2b3a9315-22b5-47f9-b929-687240392f82,53d3ac07-c88f-455a-9805-df32c813ed30
behavior_818586_2026-01-27_09-21-21,f78661b4-0d88-4d87-b31d-71e4ea88b46a,behavior_818586_2026-01-27_09-21-21_motionenergy_2026-09-29_13-34-48,2b3a9315-22b5-47f9-b929-687240392f82,7fe5bf8d-b808-4fae-af2f-bfe60dc69ce9
behavior_818586_2026-01-28_09-13-06,df1bdeb3-31b6-4051-85fd-ec7d3d8c7b33,behavior_818586_2026-01-28_09-13-06_motionenergy_2026-09-29_13-38-53,2b3a9315-22b5-47f9-b929-687240392f82,2fa2261c-9c82-471c-aa54-e1299a754625
behavior_818586_2026-01-29_09-33-28,9a661aa7-6384-4fe5-a812-e230e1483cac,behavior_818586_2026-01-29_09-33-28_motionenergy_2026-09-29_13-54-59,2b3a9315-22b5-47f9-b929-687240392f82,98b4eeeb-89a8-42ec-9ddf-de7d883a2fd7
behavior_818586_2026-01-30_09-36-27,30eabcf9-c4e1-4e97-816f-d6d7d4be038e,behavior_818586_2026-01-30_09-36-27_motionenergy_2026-09-29_13-44-57,2b3a9315-22b5-47f9-b929-687240392f82,d7dc6098-dadf-4de6-a25a-b376eb250229
behavior_818586_2026-02-03_08-58-56,5c078324-f4cd-4341-84af-7d53a95bb233,behavior_818586_2026-02-03_08-58-56_motionenergy_2026-09-29_13-10-33,2b3a9315-22b5-47f9-b929-687240392f82,e6e85b5f-abda-4b76-b857-5f3296b0f301
behavior_818586_2026-02-04_09-06-30,f34165bb-7d76-4df6-a8d2-518382dc8999,behavior_818586_2026-02-04_09-06-30_motionenergy_2026-09-29_14-05-02,2b3a9315-22b5-47f9-b929-687240392f82,ddfdcb69-a761-4b27-938d-940d4468dff8
behavior_808054_2025-09-02_10-38-37,5c6a3cc8-7f70-4bed-863a-4c2f2f6fcd7b,behavior_808054_2025-09-02_10-38-37_motionenergy_2026-09-29_17-40-32,342a45f7-f157-47d6-b4dd-763438fbeadf,f6ee028f-0bfe-46a1-9bd8-16749e9b2e33
behavior_808054_2025-09-03_09-59-42,601143a5-a6ce-4154-a4a8-51c8886456b1,behavior_808054_2025-09-03_09-59-42_motionenergy_2026-09-29_17-34-27,342a45f7-f157-47d6-b4dd-763438fbeadf,168dff12-50e4-4129-99ae-d8e25151c5c7
behavior_808054_2025-09-04_10-31-27,15ca6333-53bb-4412-b034-c2b7b80342c2,behavior_808054_2025-09-04_10-31-27_motionenergy_2026-09-29_17-34-29,342a45f7-f157-47d6-b4dd-763438fbeadf,40e4fe64-a3fd-433b-9da3-502d04d07c25
behavior_808054_2025-09-05_10-34-31,04ee59a6-eac5-48cd-b3b9-e54aacbb1608,behavior_808054_2025-09-05_10-34-31_motionenergy_2026-09-29_17-24-20,342a45f7-f157-47d6-b4dd-763438fbeadf,cde7f3c6-7251-42a1-afd5-3f24dd679d86
behavior_808054_2025-09-08_10-33-04,fa071c21-20f7-4e96-b8e3-949f9a2632fa,behavior_808054_2025-09-08_10-33-04_motionenergy_2026-09-29_17-36-31,342a45f7-f157-47d6-b4dd-763438fbeadf,76b94ed5-2713-4583-9ad4-d32b92c82c98
behavior_808054_2025-09-09_10-37-08,354e493f-285d-4988-9ee9-b2e3ca65dc0d,behavior_808054_2025-09-09_10-37-08_motionenergy_2026-09-29_17-26-25,342a45f7-f157-47d6-b4dd-763438fbeadf,2d0d811a-949d-4f28-ac3f-9ef9229faf99
behavior_808054_2025-09-10_10-28-53,b92ef40e-f8fd-4321-9496-05589fd6cfc0,behavior_808054_2025-09-10_10-28-53_motionenergy_2026-09-29_17-24-21,342a45f7-f157-47d6-b4dd-763438fbeadf,382c9677-d612-4d25-8f20-f6c4a7f17458
behavior_808054_2025-09-11_10-27-11,134979f6-5918-4352-a692-511ce9c4868c,behavior_808054_2025-09-11_10-27-11_motionenergy_2026-09-29_17-24-23,342a45f7-f157-47d6-b4dd-763438fbeadf,b8f9a12c-6955-4efb-8682-b8076043e706
behavior_808054_2025-09-12_10-24-04,534dc09d-ac8c-4b87-a68a-c91a863591dd,behavior_808054_2025-09-12_10-24-04_motionenergy_2026-09-29_17-22-18,342a45f7-f157-47d6-b4dd-763438fbeadf,f2ece161-9bf4-4e62-a45e-b628f89df790
behavior_808054_2025-09-15_10-40-01,5afc8bcf-8ff3-4f97-bf7b-53f5bccef47a,behavior_808054_2025-09-15_10-40-01_motionenergy_2026-09-29_17-06-11,342a45f7-f157-47d6-b4dd-763438fbeadf,69fdba8d-d7ef-4c75-b3dc-2ceb9d6b6350
behavior_808054_2025-09-16_10-29-48,60c4a013-c756-4a09-9287-00a8dc4ee6cc,behavior_808054_2025-09-16_10-29-48_motionenergy_2026-09-29_05-26-32,ce719ee8-ca14-4f52-8f8b-8655237a3c8e,1559d136-0ad5-48d5-83af-a226c8e8fb6c
behavior_808054_2025-09-17_10-29-46,bd322cb2-428a-426c-bc82-e084728aff43,behavior_808054_2025-09-17_10-29-46_motionenergy_2026-09-29_05-50-07,ce719ee8-ca14-4f52-8f8b-8655237a3c8e,b22e28c6-91b8-4e4e-80f3-aab5dac59809
behavior_808054_2025-09-18_10-24-37,1dfa5272-9efb-4de7-bdbc-d2f95c633ec3,behavior_808054_2025-09-18_10-24-37_motionenergy_2026-09-29_05-50-13,ce719ee8-ca14-4f52-8f8b-8655237a3c8e,a61e4c07-0ebd-485a-a74b-eed4c1374d34
behavior_808054_2025-09-22_09-55-53,69d809a4-6a7f-472b-a3fb-d9074de83073,behavior_808054_2025-09-22_09-55-53_motionenergy_2026-09-29_05-53-53,ce719ee8-ca14-4f52-8f8b-8655237a3c8e,0fcc2589-9a97-4a9e-882c-2c9d1d2a4e74
behavior_808054_2025-09-23_10-41-05,e24d1ff2-615a-4e31-87fe-1e77f66c655e,behavior_808054_2025-09-23_10-41-05_motionenergy_2026-09-29_05-56-52,ce719ee8-ca14-4f52-8f8b-8655237a3c8e,7427ceef-1a73-4f68-9c0f-56f48847399d
behavior_808054_2025-09-26_11-02-53,648041c4-8cb6-4c20-b068-bdc2ad965e63,behavior_808054_2025-09-26_11-02-53_motionenergy_2026-09-29_05-56-59,ce719ee8-ca14-4f52-8f8b-8655237a3c8e,99abb058-5e17-472e-bae7-23cb8f5f3a21
behavior_809487_2025-09-22_11-43-21,f7e2ff6e-80af-49bd-8585-176cfc64a582,behavior_809487_2025-09-22_11-43-21_motionenergy_2026-09-29_07-40-52,2b3a9315-22b5-47f9-b929-687240392f82,cdf3af6a-5610-4491-b64b-7225ec02630f
behavior_809487_2025-09-24_13-59-44,2ab93739-5b85-4e88-8df9-5cce2f6be4f8,behavior_809487_2025-09-24_13-59-44_motionenergy_2026-09-29_07-40-53,2b3a9315-22b5-47f9-b929-687240392f82,f2e86b61-debb-4227-9e64-7f815f7422c6
behavior_809487_2025-09-25_13-59-05,ba280290-d351-4014-812a-6c53e899f4f9,behavior_809487_2025-09-25_13-59-05_motionenergy_2026-09-29_08-45-48,2b3a9315-22b5-47f9-b929-687240392f82,71881773-68b7-48f2-8ccd-5acf02500f58
behavior_809487_2025-09-26_12-43-39,401a4a6a-4970-4414-8096-352769ea801e,behavior_809487_2025-09-26_12-43-39_motionenergy_2026-09-29_08-56-00,2b3a9315-22b5-47f9-b929-687240392f82,00ff7047-118b-40e5-afe9-ec6df24fb0bd
behavior_809487_2025-09-29_14-11-52,a9c74cf4-5874-43e4-92c9-4204f36c9c49,behavior_809487_2025-09-29_14-11-52_motionenergy_2026-09-29_08-41-43,2b3a9315-22b5-47f9-b929-687240392f82,844b3a81-0b7b-4ae9-bf17-87f7edf703ce
behavior_809487_2025-10-08_12-57-02,19c4441a-3ec7-47d1-a762-52fefcab9fc2,behavior_809487_2025-10-08_12-57-02_motionenergy_2026-09-29_08-47-52,2b3a9315-22b5-47f9-b929-687240392f82,7588965b-3381-44a6-bbdf-26514b6221fa
behavior_809487_2025-10-10_12-33-41,f0676c0e-895c-4723-8ea2-ad68c60b8740,behavior_809487_2025-10-10_12-33-41_motionenergy_2026-09-29_09-06-18,2b3a9315-22b5-47f9-b929-687240392f82,1ab35fe7-69fd-4477-8cca-870da27d846a
behavior_809487_2025-10-15_14-22-59,02a19f16-0841-4c8b-9021-3927bb00b947,behavior_809487_2025-10-15_14-22-59_motionenergy_2026-09-29_08-58-06,2b3a9315-22b5-47f9-b929-687240392f82,1f195652-a570-42c1-86c4-78c16b48b067
behavior_809491_2025-10-01_09-33-38,a2597fab-afad-4549-a62c-a4cf2625e1cb,behavior_809491_2025-10-01_09-33-38_motionenergy_2026-09-29_09-20-41,2b3a9315-22b5-47f9-b929-687240392f82,f6aa250f-cf8c-4e5b-b7e9-2f4a4e196918
behavior_809491_2025-10-02_09-23-46,f80b62e2-e5d4-4cfe-880b-641c40ce341a,behavior_809491_2025-10-02_09-23-46_motionenergy_2026-09-29_10-05-18,2b3a9315-22b5-47f9-b929-687240392f82,90f2e55f-edc2-416c-b889-537433d5d65b
behavior_809491_2025-10-03_09-36-11,8c94c73e-81a7-4c22-af40-6ac1d55756c7,behavior_809491_2025-10-03_09-36-11_motionenergy_2026-09-29_10-17-30,2b3a9315-22b5-47f9-b929-687240392f82,b9c33ac8-dbae-4352-8c73-6b294400da46
behavior_809491_2025-10-06_08-46-19,f3544f29-f72c-4d36-a285-127c1b584653,behavior_809491_2025-10-06_08-46-19_motionenergy_2026-09-29_10-23-37,2b3a9315-22b5-47f9-b929-687240392f82,75e02fa4-b893-4e26-b96d-3fda8508e956
behavior_809491_2025-10-09_09-57-13,4b36f862-2467-433c-9f74-01f36ed12ad1,behavior_809491_2025-10-09_09-57-13_motionenergy_2026-09-29_10-37-54,2b3a9315-22b5-47f9-b929-687240392f82,fb3b5aad-1b79-40c9-a79b-0df25b42ca96
behavior_809491_2025-10-10_09-35-15,63cce192-67ba-4471-817a-05e06950b542,behavior_809491_2025-10-10_09-35-15_motionenergy_2026-09-29_10-29-44,2b3a9315-22b5-47f9-b929-687240392f82,cba03571-675f-47f0-80e2-3b6e4ce03ad8
behavior_809491_2025-10-13_09-26-46,f2b4821b-17b1-4804-acee-55ea6d4406ed,behavior_809491_2025-10-13_09-26-46_motionenergy_2026-09-29_10-31-47,2b3a9315-22b5-47f9-b929-687240392f82,63ad36ba-f831-4b48-bdef-cd53e7d03464
behavior_809491_2025-10-14_09-27-06,f2976ce4-b205-4ef1-9c05-5bc064f04827,behavior_809491_2025-10-14_09-27-06_motionenergy_2026-09-29_10-39-58,2b3a9315-22b5-47f9-b929-687240392f82,8b170593-4359-463c-be49-b7f4c70b8ed3
behavior_809491_2025-10-17_09-26-49,eef97fb7-3ec0-4f59-917d-f36ffb499b2a,behavior_809491_2025-10-17_09-26-49_motionenergy_2026-09-29_10-42-01,2b3a9315-22b5-47f9-b929-687240392f82,3009131b-d7bb-4e2e-810f-33aaa88dbe38
behavior_809491_2025-10-20_09-31-46,87f5080b-62a6-43af-8486-d40a26296849,behavior_809491_2025-10-20_09-31-46_motionenergy_2026-09-29_10-44-05,2b3a9315-22b5-47f9-b929-687240392f82,6cd2a138-fcd9-44c3-96d5-35d15dd99c46
behavior_809491_2025-10-21_09-37-59,d4cce795-9ba2-42ad-877e-fa3cbdce1c54,behavior_809491_2025-10-21_09-37-59_motionenergy_2026-09-29_10-46-08,2b3a9315-22b5-47f9-b929-687240392f82,6d658d46-4323-4093-8533-a9e0d6a4c6ed
behavior_809491_2025-10-22_09-25-35,dc55d850-b0f4-4492-956c-732a617539aa,behavior_809491_2025-10-22_09-25-35_motionenergy_2026-09-29_10-46-10,2b3a9315-22b5-47f9-b929-687240392f82,c8c5fc84-e350-4477-b2d6-da63f2d984b5
behavior_809491_2025-10-23_09-38-27,efcdeddd-3388-49ce-8439-5a3beb7c5039,behavior_809491_2025-10-23_09-38-27_motionenergy_2026-09-29_10-48-14,2b3a9315-22b5-47f9-b929-687240392f82,a566df93-c51f-4c3c-86c7-9fe3ac718a66
behavior_809491_2025-10-24_09-42-09,2eb87960-c90b-46a9-9ba7-70d827b1fe34,behavior_809491_2025-10-24_09-42-09_motionenergy_2026-09-29_10-52-19,2b3a9315-22b5-47f9-b929-687240392f82,db00201d-01b4-4ef7-921a-c411705117b7
behavior_809491_2025-10-27_09-04-55,b0f988a3-7bf2-4981-b829-c9ca18edac93,behavior_809491_2025-10-27_09-04-55_motionenergy_2026-09-29_10-54-23,2b3a9315-22b5-47f9-b929-687240392f82,4fe768e1-fcab-4e42-98d3-31257e1c5f22
behavior_809491_2025-10-28_09-30-50,e9ba5e9f-bb70-4999-9315-ed3787ffbc46,behavior_809491_2025-10-28_09-30-50_motionenergy_2026-09-29_10-58-28,2b3a9315-22b5-47f9-b929-687240392f82,4994f07a-1b25-4946-81bf-e6bb899e7810
behavior_809491_2025-10-29_09-35-17,73f31fbc-6f50-4bd0-a9ac-7a1beff809b1,behavior_809491_2025-10-29_09-35-17_motionenergy_2026-09-29_11-28-54,2b3a9315-22b5-47f9-b929-687240392f82,e0dafa45-e08c-4c87-9521-1681365d77d1
behavior_809491_2025-10-30_09-19-42,a1779036-0145-4886-9d7b-2b54b1e20da3,behavior_809491_2025-10-30_09-19-42_motionenergy_2026-09-29_11-57-21,2b3a9315-22b5-47f9-b929-687240392f82,80103b4d-dc45-476f-bccf-74aade6a57f4
behavior_809491_2025-10-31_09-25-40,1e8a5ebb-1c63-4c7b-9efb-6bd760740fb2,behavior_809491_2025-10-31_09-25-40_motionenergy_2026-09-29_11-59-27,2b3a9315-22b5-47f9-b929-687240392f82,63c99729-1a4d-4530-b2d2-8f4d8024156c
behavior_809491_2025-11-13_09-08-18,72207453-0d23-43e5-8fa0-2e4873cd8267,behavior_809491_2025-11-13_09-08-18_motionenergy_2026-09-29_12-01-30,2b3a9315-22b5-47f9-b929-687240392f82,cc3c88cc-930e-402b-b793-616fc8c79200
behavior_815334_2025-11-04_09-43-32,b041a72c-b7dd-4227-97e1-81fb23db1303,behavior_815334_2025-11-04_09-43-32_motionenergy_2026-09-29_07-22-20,2b3a9315-22b5-47f9-b929-687240392f82,01130ac2-f270-4bbb-8f06-d2a81ebd8682
behavior_815334_2025-11-12_10-26-10,4e76adc2-c3af-4b71-a6d1-b47a09ef35c6,behavior_815334_2025-11-12_10-26-10_motionenergy_2026-09-29_07-16-12,2b3a9315-22b5-47f9-b929-687240392f82,a0cc9306-7ddd-4477-8770-f69790ba8de0
behavior_815334_2025-11-13_09-57-59,7bba17fb-523c-435c-8e33-4a43848db40a,behavior_815334_2025-11-13_09-57-59_motionenergy_2026-09-29_07-26-27,2b3a9315-22b5-47f9-b929-687240392f82,351c9b9c-12f8-40c0-b51f-1dde1e7f503c
behavior_815334_2025-11-14_09-11-13,6a04b924-0d5a-4bb6-9f34-ab5ce8dbd3e7,behavior_815334_2025-11-14_09-11-13_motionenergy_2026-09-29_07-26-28,2b3a9315-22b5-47f9-b929-687240392f82,23c2ba37-bf0b-45f0-a754-3bcaf9a1b8c2
behavior_816212_2025-11-13_14-13-21,c9e34de5-b78e-4442-9702-8b54b2e6e8fe,behavior_816212_2025-11-13_14-13-21_motionenergy_2026-09-29_08-56-02,2b3a9315-22b5-47f9-b929-687240392f82,c0c1c405-76d3-4247-bfb3-336f08815bd7
behavior_816212_2025-11-18_13-22-34,b7ff4f4b-8a6a-4318-af0d-ff99f7d0a5b2,behavior_816212_2025-11-18_13-22-34_motionenergy_2026-09-29_09-04-12,2b3a9315-22b5-47f9-b929-687240392f82,96aa7f3b-5384-4d91-b7b7-542dd72408f8
behavior_816212_2025-11-26_13-27-32,a9dffb7c-caea-4c15-90db-59145ea84ea2,behavior_816212_2025-11-26_13-27-32_motionenergy_2026-09-29_09-04-14,2b3a9315-22b5-47f9-b929-687240392f82,b3c0af67-e030-4d2e-b897-1ccd7e79e649
behavior_816212_2025-12-02_13-36-19,1b024180-d9ce-462c-936b-eb869efb0c59,behavior_816212_2025-12-02_13-36-19_motionenergy_2026-09-29_09-14-32,2b3a9315-22b5-47f9-b929-687240392f82,0b95cd91-97a2-4981-a41e-0d88235d5b79
behavior_816212_2025-12-05_13-47-41,8f3575c3-c8bb-4af0-a484-fa72f9b246c7,behavior_816212_2025-12-05_13-47-41_motionenergy_2026-09-29_09-16-36,2b3a9315-22b5-47f9-b929-687240392f82,5e086bc6-7fcf-4ce2-85df-4b5325572e34
behavior_816212_2025-12-09_12-51-52,3c5b69c9-5a96-4432-be7f-e6de10e326a0,behavior_816212_2025-12-09_12-51-52_motionenergy_2026-09-29_09-08-22,2b3a9315-22b5-47f9-b929-687240392f82,80c2759d-79ee-48af-824f-cf193acae589
behavior_816212_2025-12-10_13-27-38,3991a05d-f18a-4e96-9e35-d8c975266bbd,behavior_816212_2025-12-10_13-27-38_motionenergy_2026-09-29_09-12-29,2b3a9315-22b5-47f9-b929-687240392f82,34a01900-afe7-463b-9f67-e17a7ccc0c48
behavior_816212_2025-12-11_13-24-29,82dae31d-bfd8-4045-a046-9d796cb21960,behavior_816212_2025-12-11_13-24-29_motionenergy_2026-09-29_09-08-23,2b3a9315-22b5-47f9-b929-687240392f82,bd25cada-8375-4172-9862-d616b33cdd0e
behavior_816214_2025-12-01_09-08-08,f7916fff-05a5-4fcd-99b3-30abc08824c7,behavior_816214_2025-12-01_09-08-08_motionenergy_2026-09-29_05-52-55,2b3a9315-22b5-47f9-b929-687240392f82,c5654354-0ccb-4640-928e-c85bedc1f5db
behavior_816214_2025-12-02_08-28-39,52247394-6ce1-49d7-91e7-028d4bbc2dfd,behavior_816214_2025-12-02_08-28-39_motionenergy_2026-09-29_05-48-49,2b3a9315-22b5-47f9-b929-687240392f82,2fbe59e6-d303-4012-9dbe-de87b4924805
behavior_816214_2025-12-03_08-39-48,66679552-402a-4dcb-8373-6f17bfee0fdb,behavior_816214_2025-12-03_08-39-48_motionenergy_2026-09-29_06-01-06,2b3a9315-22b5-47f9-b929-687240392f82,be0de34d-2d5b-46dd-ad0a-7d0e7c999532
behavior_816214_2025-12-04_08-51-42,a71c5870-a612-4d3a-a90f-f2923829d2e6,behavior_816214_2025-12-04_08-51-42_motionenergy_2026-09-29_06-01-07,2b3a9315-22b5-47f9-b929-687240392f82,cfa0f365-52ab-45fe-ad97-f029e771b93d
behavior_816214_2025-12-05_09-03-03,cf3ad0c0-6bf2-46f5-af10-6e8733134594,behavior_816214_2025-12-05_09-03-03_motionenergy_2026-09-29_07-01-56,2b3a9315-22b5-47f9-b929-687240392f82,1d560c3d-88fb-4adf-a450-1be7d921673b
