asset,subject,ses_idx,raw_session,has_same_side_pair,used_in_fip05_07
3ch,800886,800886_2025-08-18,behavior_800886_2025-08-18_13-14-52,False,False
3ch,800886,800886_2025-08-19,behavior_800886_2025-08-19_13-12-13,False,False
3ch,800886,800886_2025-08-20,behavior_800886_2025-08-20_13-13-05,False,False
3ch,800886,800886_2025-08-21,behavior_800886_2025-08-21_13-13-52,False,False
3ch,800886,800886_2025-08-22,behavior_800886_2025-08-22_12-58-02,False,False
3ch,800886,800886_2025-08-25,behavior_800886_2025-08-25_12-22-29,False,False
3ch,800886,800886_2025-08-26,behavior_800886_2025-08-26_13-15-13,True,True
3ch,800886,800886_2025-08-27,behavior_800886_2025-08-27_13-32-46,False,False
3ch,800886,800886_2025-08-28,behavior_800886_2025-08-28_13-17-08,True,True
3ch,800886,800886_2025-08-29,behavior_800886_2025-08-29_13-19-29,False,False
3ch,800886,800886_2025-09-03,behavior_800886_2025-09-03_13-03-45,True,True
3ch,800886,800886_2025-09-05,behavior_800886_2025-09-05_13-58-04,True,True
3ch,800886,800886_2025-09-08,behavior_800886_2025-09-08_14-23-50,False,False
3ch,800886,800886_2025-09-09,behavior_800886_2025-09-09_13-41-11,False,False
3ch,800886,800886_2025-09-11,behavior_800886_2025-09-11_13-52-51,True,True
3ch,808057,808057_2025-08-22,behavior_808057_2025-08-22_12-40-22,False,False
3ch,808057,808057_2025-08-25,behavior_808057_2025-08-25_13-01-12,False,False
3ch,808057,808057_2025-08-26,behavior_808057_2025-08-26_13-04-39,False,False
3ch,808057,808057_2025-08-27,behavior_808057_2025-08-27_13-00-15,False,False
3ch,808057,808057_2025-08-28,behavior_808057_2025-08-28_13-25-46,False,False
3ch,808057,808057_2025-08-29,behavior_808057_2025-08-29_13-21-01,False,False
3ch,808057,808057_2025-09-02,behavior_808057_2025-09-02_12-21-17,False,False
3ch,808057,808057_2025-09-03,behavior_808057_2025-09-03_12-45-12,False,False
3ch,808057,808057_2025-09-08,behavior_808057_2025-09-08_12-56-50,False,False
3ch,808057,808057_2025-09-09,behavior_808057_2025-09-09_12-55-49,False,False
3ch,808057,808057_2025-09-16,behavior_808057_2025-09-16_12-59-52,False,False
3ch,808057,808057_2025-09-17,behavior_808057_2025-09-17_12-56-41,False,False
3ch,808057,808057_2025-09-22,behavior_808057_2025-09-22_12-44-22,False,False
3ch,808057,808057_2025-09-24,behavior_808057_2025-09-24_13-32-54,False,False
3ch,808057,808057_2025-09-25,behavior_808057_2025-09-25_12-51-34,False,False
3ch,808057,808057_2025-09-26,behavior_808057_2025-09-26_13-34-10,False,False
3ch,808057,808057_2025-09-29,behavior_808057_2025-09-29_14-15-46,False,False
3ch,808057,808057_2025-09-30,behavior_808057_2025-09-30_13-01-08,False,False
3ch,808057,808057_2025-10-01,behavior_808057_2025-10-01_13-24-05,False,False
3ch,808057,808057_2025-10-02,behavior_808057_2025-10-02_13-16-47,False,False
3ch,816883,816883_2025-11-18,behavior_816883_2025-11-18_13-15-06,False,False
3ch,816883,816883_2025-11-19,behavior_816883_2025-11-19_13-22-00,False,False
3ch,816883,816883_2025-11-21,behavior_816883_2025-11-21_13-57-39,False,False
3ch,816883,816883_2025-11-24,behavior_816883_2025-11-24_13-29-02,False,False
3ch,816883,816883_2025-11-25,behavior_816883_2025-11-25_13-16-06,False,False
3ch,816883,816883_2025-11-26,behavior_816883_2025-11-26_13-25-29,False,False
3ch,816883,816883_2025-12-01,behavior_816883_2025-12-01_13-40-06,False,False
3ch,816883,816883_2025-12-02,behavior_816883_2025-12-02_13-32-30,False,False
3ch,816883,816883_2025-12-03,behavior_816883_2025-12-03_13-33-39,False,False
3ch,816883,816883_2025-12-04,behavior_816883_2025-12-04_14-02-35,False,False
3ch,816883,816883_2025-12-05,behavior_816883_2025-12-05_13-45-14,False,False
3ch,816883,816883_2025-12-09,behavior_816883_2025-12-09_12-49-49,False,False
3ch,816883,816883_2025-12-10,behavior_816883_2025-12-10_13-25-37,False,False
3ch,816883,816883_2025-12-11,behavior_816883_2025-12-11_13-16-47,False,False
3ch,816883,816883_2025-12-23,behavior_816883_2025-12-23_12-47-14,False,False
3ch,816883,816883_2025-12-24,behavior_816883_2025-12-24_12-31-44,False,False
3ch,816883,816883_2026-01-05,behavior_816883_2026-01-05_14-06-18,False,False
3ch,816883,816883_2026-01-06,behavior_816883_2026-01-06_13-14-46,False,False
3ch,816883,816883_2026-01-07,behavior_816883_2026-01-07_13-11-39,False,False
3ch,816883,816883_2026-01-09,behavior_816883_2026-01-09_13-51-45,False,False
3ch,818580,818580_2025-11-07,behavior_818580_2025-11-07_08-40-19,False,False
3ch,818580,818580_2025-11-10,behavior_818580_2025-11-10_09-33-57,False,False
3ch,818580,818580_2025-11-11,behavior_818580_2025-11-11_10-17-51,False,False
3ch,818580,818580_2025-11-12,behavior_818580_2025-11-12_09-15-52,False,False
3ch,818580,818580_2025-11-13,behavior_818580_2025-11-13_09-55-28,False,False
3ch,818580,818580_2025-11-17,behavior_818580_2025-11-17_10-12-00,False,False
3ch,818580,818580_2025-11-19,behavior_818580_2025-11-19_10-10-06,False,False
3ch,818580,818580_2025-11-20,behavior_818580_2025-11-20_10-42-16,False,False
3ch,818580,818580_2025-11-21,behavior_818580_2025-11-21_10-08-11,False,False
3ch,818580,818580_2025-11-24,behavior_818580_2025-11-24_09-55-13,False,False
3ch,818580,818580_2025-11-25,behavior_818580_2025-11-25_10-33-49,False,False
3ch,818580,818580_2025-11-26,behavior_818580_2025-11-26_10-55-34,False,False
3ch,818580,818580_2025-12-01,behavior_818580_2025-12-01_12-52-15,False,False
3ch,818580,818580_2025-12-02,behavior_818580_2025-12-02_12-54-21,False,False
3ch,818580,818580_2025-12-03,behavior_818580_2025-12-03_13-10-47,False,False
3ch,818580,818580_2025-12-04,behavior_818580_2025-12-04_12-55-02,False,False
3ch,818580,818580_2025-12-05,behavior_818580_2025-12-05_13-45-45,False,False
3ch,818580,818580_2025-12-08,behavior_818580_2025-12-08_15-01-24,False,False
3ch,818580,818580_2025-12-09,behavior_818580_2025-12-09_12-38-00,False,False
3ch,818585,818585_2025-12-05,behavior_818585_2025-12-05_09-45-45,True,True
3ch,818585,818585_2025-12-08,behavior_818585_2025-12-08_09-28-19,False,False
3ch,818585,818585_2025-12-09,behavior_818585_2025-12-09_09-06-04,False,False
3ch,818585,818585_2025-12-10,behavior_818585_2025-12-10_09-38-40,True,True
3ch,818585,818585_2025-12-11,behavior_818585_2025-12-11_09-49-52,True,True
3ch,818585,818585_2025-12-12,behavior_818585_2025-12-12_09-53-10,True,True
3ch,818585,818585_2025-12-15,behavior_818585_2025-12-15_09-45-47,True,True
3ch,818585,818585_2025-12-16,behavior_818585_2025-12-16_09-49-11,True,True
3ch,818585,818585_2025-12-22,behavior_818585_2025-12-22_13-10-50,True,True
3ch,818585,818585_2026-01-05,behavior_818585_2026-01-05_14-39-35,False,False
3ch,818585,818585_2026-01-06,behavior_818585_2026-01-06_13-18-40,False,False
3ch,818585,818585_2026-01-07,behavior_818585_2026-01-07_13-21-44,False,False
3ch,818585,818585_2026-01-08,behavior_818585_2026-01-08_13-10-10,False,False
3ch,818585,818585_2026-01-09,behavior_818585_2026-01-09_14-11-07,False,False
3ch,818585,818585_2026-01-12,behavior_818585_2026-01-12_14-16-12,False,False
3ch,818585,818585_2026-01-13,behavior_818585_2026-01-13_14-00-21,False,False
3ch,818585,818585_2026-01-14,behavior_818585_2026-01-14_13-25-17,False,False
3ch,818585,818585_2026-01-15,behavior_818585_2026-01-15_13-21-28,False,False
3ch,818585,818585_2026-01-20,behavior_818585_2026-01-20_13-38-48,True,True
3ch,818585,818585_2026-01-21,behavior_818585_2026-01-21_13-15-17,False,False
3ch,818585,818585_2026-01-22,behavior_818585_2026-01-22_13-16-18,False,False
3ch,818585,818585_2026-01-23,behavior_818585_2026-01-23_13-47-39,False,False
3ch,818585,818585_2026-01-26,behavior_818585_2026-01-26_14-22-26,False,False
3ch,818585,818585_2026-01-27,behavior_818585_2026-01-27_12-58-31,False,False
3ch,818585,818585_2026-01-28,behavior_818585_2026-01-28_13-21-00,False,False
3ch,818585,818585_2026-01-29,behavior_818585_2026-01-29_13-13-55,False,False
3ch,818585,818585_2026-01-30,behavior_818585_2026-01-30_13-24-17,False,False
3ch,818585,818585_2026-02-02,behavior_818585_2026-02-02_13-07-54,False,False
3ch,818585,818585_2026-02-03,behavior_818585_2026-02-03_13-46-13,False,False
3ch,818585,818585_2026-02-04,behavior_818585_2026-02-04_12-48-23,False,False
3ch,818585,818585_2026-02-05,behavior_818585_2026-02-05_12-40-01,False,False
3ch,818585,818585_2026-02-06,behavior_818585_2026-02-06_13-05-29,False,False
3ch,818586,818586_2025-12-22,behavior_818586_2025-12-22_11-02-52,True,True
3ch,818586,818586_2025-12-24,behavior_818586_2025-12-24_11-03-38,True,True
3ch,818586,818586_2026-01-02,behavior_818586_2026-01-02_11-11-54,True,True
3ch,818586,818586_2026-01-05,behavior_818586_2026-01-05_10-09-01,True,True
3ch,818586,818586_2026-01-07,behavior_818586_2026-01-07_09-56-16,True,True
3ch,818586,818586_2026-01-08,behavior_818586_2026-01-08_08-45-11,True,True
3ch,818586,818586_2026-01-09,behavior_818586_2026-01-09_09-23-20,True,True
3ch,818586,818586_2026-01-12,behavior_818586_2026-01-12_09-34-09,True,True
3ch,818586,818586_2026-01-13,behavior_818586_2026-01-13_09-25-36,True,True
3ch,818586,818586_2026-01-14,behavior_818586_2026-01-14_10-02-19,True,True
3ch,818586,818586_2026-01-15,behavior_818586_2026-01-15_09-18-12,True,True
3ch,818586,818586_2026-01-16,behavior_818586_2026-01-16_09-19-39,True,True
3ch,818586,818586_2026-01-20,behavior_818586_2026-01-20_08-39-29,True,True
3ch,818586,818586_2026-01-21,behavior_818586_2026-01-21_09-43-54,True,True
3ch,818586,818586_2026-01-22,behavior_818586_2026-01-22_08-35-28,True,True
3ch,818586,818586_2026-01-23,behavior_818586_2026-01-23_09-02-54,True,True
3ch,818586,818586_2026-01-26,behavior_818586_2026-01-26_09-29-12,True,True
3ch,818586,818586_2026-01-27,behavior_818586_2026-01-27_09-21-21,True,True
3ch,818586,818586_2026-01-28,behavior_818586_2026-01-28_09-13-06,True,True
3ch,818586,818586_2026-01-29,behavior_818586_2026-01-29_09-33-28,True,True
3ch,818586,818586_2026-01-30,behavior_818586_2026-01-30_09-36-27,True,True
3ch,818586,818586_2026-02-03,behavior_818586_2026-02-03_08-58-56,True,True
3ch,818586,818586_2026-02-04,behavior_818586_2026-02-04_09-06-30,True,True
3ch,820688,820688_2025-12-05,behavior_820688_2025-12-05_09-43-38,False,False
3ch,820688,820688_2025-12-08,behavior_820688_2025-12-08_09-25-11,False,False
3ch,820688,820688_2025-12-09,behavior_820688_2025-12-09_09-04-03,False,False
3ch,820688,820688_2025-12-10,behavior_820688_2025-12-10_09-36-25,False,False
3ch,820688,820688_2025-12-11,behavior_820688_2025-12-11_09-48-11,False,False
3ch,820688,820688_2025-12-12,behavior_820688_2025-12-12_09-51-29,False,False
3ch,820688,820688_2025-12-15,behavior_820688_2025-12-15_09-43-32,False,False
3ch,820688,820688_2025-12-16,behavior_820688_2025-12-16_09-47-13,False,False
3ch,820688,820688_2025-12-24,behavior_820688_2025-12-24_12-28-55,False,False
3ch,820688,820688_2026-01-06,behavior_820688_2026-01-06_13-24-58,False,False
3ch,820688,820688_2026-01-07,behavior_820688_2026-01-07_13-18-37,False,False
3ch,820688,820688_2026-01-08,behavior_820688_2026-01-08_13-07-41,False,False
3ch,820688,820688_2026-01-09,behavior_820688_2026-01-09_14-11-54,False,False
3ch,820688,820688_2026-01-12,behavior_820688_2026-01-12_14-24-50,False,False
3ch,820688,820688_2026-01-13,behavior_820688_2026-01-13_14-16-10,False,False
3ch,820688,820688_2026-01-14,behavior_820688_2026-01-14_13-28-51,False,False
3ch,820688,820688_2026-01-15,behavior_820688_2026-01-15_13-31-24,False,False
3ch,820688,820688_2026-01-20,behavior_820688_2026-01-20_13-33-55,False,False
3ch,820688,820688_2026-01-21,behavior_820688_2026-01-21_13-11-58,False,False
3ch,820688,820688_2026-01-22,behavior_820688_2026-01-22_13-20-25,False,False
3ch,820688,820688_2026-01-23,behavior_820688_2026-01-23_13-49-44,False,False
3ch,820688,820688_2026-01-26,behavior_820688_2026-01-26_14-19-33,False,False
3ch,820688,820688_2026-01-27,behavior_820688_2026-01-27_13-02-14,False,False
3ch,820688,820688_2026-01-28,behavior_820688_2026-01-28_13-14-58,True,False
3ch,820688,820688_2026-01-29,behavior_820688_2026-01-29_13-10-50,False,False
3ch,820688,820688_2026-01-30,behavior_820688_2026-01-30_13-20-36,False,False
3ch,820688,820688_2026-02-02,behavior_820688_2026-02-02_12-45-41,False,False
3ch,820688,820688_2026-02-03,behavior_820688_2026-02-03_13-20-53,False,False
3ch,820688,820688_2026-02-04,behavior_820688_2026-02-04_12-54-19,False,False
3ch,820688,820688_2026-02-05,behavior_820688_2026-02-05_12-46-24,False,False
3ch,820688,820688_2026-02-06,behavior_820688_2026-02-06_13-07-54,False,False
3ch,820691,820691_2026-01-05,behavior_820691_2026-01-05_09-00-15,False,False
3ch,820691,820691_2026-01-06,behavior_820691_2026-01-06_08-10-11,False,False
3ch,820691,820691_2026-01-07,behavior_820691_2026-01-07_08-37-53,False,False
3ch,820691,820691_2026-01-08,behavior_820691_2026-01-08_08-07-40,False,False
3ch,820691,820691_2026-01-09,behavior_820691_2026-01-09_08-50-22,False,False
3ch,820691,820691_2026-01-12,behavior_820691_2026-01-12_08-52-58,False,False
3ch,820691,820691_2026-01-13,behavior_820691_2026-01-13_08-06-28,False,False
3ch,820691,820691_2026-01-14,behavior_820691_2026-01-14_08-23-45,False,False
3ch,820691,820691_2026-01-15,behavior_820691_2026-01-15_09-18-30,False,False
3ch,820691,820691_2026-01-16,behavior_820691_2026-01-16_09-13-28,False,False
3ch,820691,820691_2026-01-20,behavior_820691_2026-01-20_08-25-12,False,False
3ch,820691,820691_2026-01-21,behavior_820691_2026-01-21_09-30-09,False,False
3ch,820691,820691_2026-01-22,behavior_820691_2026-01-22_09-01-30,False,False
3ch,820691,820691_2026-01-23,behavior_820691_2026-01-23_09-09-17,True,False
3ch,820691,820691_2026-01-26,behavior_820691_2026-01-26_09-03-44,False,False
3ch,820691,820691_2026-01-27,behavior_820691_2026-01-27_09-10-21,False,False
3ch,820691,820691_2026-01-28,behavior_820691_2026-01-28_09-05-51,False,False
3ch,820691,820691_2026-01-29,behavior_820691_2026-01-29_09-18-07,False,False
3ch,820691,820691_2026-01-30,behavior_820691_2026-01-30_09-01-46,False,False
3ch,820691,820691_2026-02-02,behavior_820691_2026-02-02_09-10-28,False,False
3ch,820691,820691_2026-02-04,behavior_820691_2026-02-04_08-35-42,False,False
3ch,820691,820691_2026-02-05,behavior_820691_2026-02-05_09-57-56,False,False
3ch,820691,820691_2026-02-06,behavior_820691_2026-02-06_08-28-25,False,False
4ch,808054,808054_2025-09-02,behavior_808054_2025-09-02_10-38-37,True,True
4ch,808054,808054_2025-09-03,behavior_808054_2025-09-03_09-59-42,True,True
4ch,808054,808054_2025-09-04,behavior_808054_2025-09-04_10-31-27,True,True
4ch,808054,808054_2025-09-05,behavior_808054_2025-09-05_10-34-31,True,True
4ch,808054,808054_2025-09-08,behavior_808054_2025-09-08_10-33-04,True,True
4ch,808054,808054_2025-09-09,behavior_808054_2025-09-09_10-37-08,True,True
4ch,808054,808054_2025-09-10,behavior_808054_2025-09-10_10-28-53,True,True
4ch,808054,808054_2025-09-11,behavior_808054_2025-09-11_10-27-11,True,True
4ch,808054,808054_2025-09-12,behavior_808054_2025-09-12_10-24-04,True,True
4ch,808054,808054_2025-09-15,behavior_808054_2025-09-15_10-40-01,True,True
4ch,808054,808054_2025-09-16,behavior_808054_2025-09-16_10-29-48,True,True
4ch,808054,808054_2025-09-17,behavior_808054_2025-09-17_10-29-46,True,True
4ch,808054,808054_2025-09-18,behavior_808054_2025-09-18_10-24-37,True,True
4ch,808054,808054_2025-09-19,behavior_808054_2025-09-19_10-09-06,False,False
4ch,808054,808054_2025-09-22,behavior_808054_2025-09-22_09-55-53,True,True
4ch,808054,808054_2025-09-23,behavior_808054_2025-09-23_10-41-05,True,True
4ch,808054,808054_2025-09-24,behavior_808054_2025-09-24_10-40-18,False,False
4ch,808054,808054_2025-09-25,behavior_808054_2025-09-25_11-08-40,True,False
4ch,808054,808054_2025-09-26,behavior_808054_2025-09-26_11-02-53,True,True
4ch,809487,809487_2025-09-19,behavior_809487_2025-09-19_13-56-52,False,False
4ch,809487,809487_2025-09-22,behavior_809487_2025-09-22_11-43-21,True,True
4ch,809487,809487_2025-09-23,behavior_809487_2025-09-23_14-36-51,False,False
4ch,809487,809487_2025-09-24,behavior_809487_2025-09-24_13-59-44,True,True
4ch,809487,809487_2025-09-25,behavior_809487_2025-09-25_13-59-05,True,True
4ch,809487,809487_2025-09-26,behavior_809487_2025-09-26_12-43-39,True,True
4ch,809487,809487_2025-09-29,behavior_809487_2025-09-29_14-11-52,True,True
4ch,809487,809487_2025-09-30,behavior_809487_2025-09-30_13-56-22,False,False
4ch,809487,809487_2025-10-01,behavior_809487_2025-10-01_13-52-51,False,False
4ch,809487,809487_2025-10-07,behavior_809487_2025-10-07_14-06-07,False,False
4ch,809487,809487_2025-10-08,behavior_809487_2025-10-08_12-57-02,True,True
4ch,809487,809487_2025-10-10,behavior_809487_2025-10-10_12-33-41,True,True
4ch,809487,809487_2025-10-14,behavior_809487_2025-10-14_14-12-30,False,False
4ch,809487,809487_2025-10-15,behavior_809487_2025-10-15_14-22-59,True,True
4ch,809491,809491_2025-09-29,behavior_809491_2025-09-29_09-35-32,False,False
4ch,809491,809491_2025-10-01,behavior_809491_2025-10-01_09-33-38,True,True
4ch,809491,809491_2025-10-02,behavior_809491_2025-10-02_09-23-46,True,True
4ch,809491,809491_2025-10-03,behavior_809491_2025-10-03_09-36-11,True,True
4ch,809491,809491_2025-10-06,behavior_809491_2025-10-06_08-46-19,True,True
4ch,809491,809491_2025-10-09,behavior_809491_2025-10-09_09-57-13,True,True
4ch,809491,809491_2025-10-10,behavior_809491_2025-10-10_09-35-15,True,True
4ch,809491,809491_2025-10-13,behavior_809491_2025-10-13_09-26-46,True,True
4ch,809491,809491_2025-10-14,behavior_809491_2025-10-14_09-27-06,True,True
4ch,809491,809491_2025-10-16,behavior_809491_2025-10-16_09-30-10,False,False
4ch,809491,809491_2025-10-17,behavior_809491_2025-10-17_09-26-49,True,True
4ch,809491,809491_2025-10-20,behavior_809491_2025-10-20_09-31-46,True,True
4ch,809491,809491_2025-10-21,behavior_809491_2025-10-21_09-37-59,True,True
4ch,809491,809491_2025-10-22,behavior_809491_2025-10-22_09-25-35,True,True
4ch,809491,809491_2025-10-23,behavior_809491_2025-10-23_09-38-27,True,True
4ch,809491,809491_2025-10-24,behavior_809491_2025-10-24_09-42-09,True,True
4ch,809491,809491_2025-10-27,behavior_809491_2025-10-27_09-04-55,True,True
4ch,809491,809491_2025-10-28,behavior_809491_2025-10-28_09-30-50,True,True
4ch,809491,809491_2025-10-29,behavior_809491_2025-10-29_09-35-17,True,True
4ch,809491,809491_2025-10-30,behavior_809491_2025-10-30_09-19-42,True,True
4ch,809491,809491_2025-10-31,behavior_809491_2025-10-31_09-25-40,True,True
4ch,809491,809491_2025-11-13,behavior_809491_2025-11-13_09-08-18,True,True
4ch,813929,813929_2025-10-20,behavior_813929_2025-10-20_13-15-08,False,False
4ch,813929,813929_2025-10-21,behavior_813929_2025-10-21_14-19-54,False,False
4ch,813929,813929_2025-10-22,behavior_813929_2025-10-22_13-21-12,False,False
4ch,813929,813929_2025-10-23,behavior_813929_2025-10-23_13-38-57,False,False
4ch,813929,813929_2025-10-27,behavior_813929_2025-10-27_13-31-17,False,False
4ch,813929,813929_2025-10-29,behavior_813929_2025-10-29_13-53-04,False,False
4ch,813929,813929_2025-10-30,behavior_813929_2025-10-30_14-00-13,False,False
4ch,813929,813929_2025-10-31,behavior_813929_2025-10-31_13-45-45,False,False
4ch,813929,813929_2025-11-03,behavior_813929_2025-11-03_13-36-51,False,False
4ch,813929,813929_2025-11-04,behavior_813929_2025-11-04_13-31-29,False,False
4ch,813929,813929_2025-11-05,behavior_813929_2025-11-05_13-43-19,False,False
4ch,813929,813929_2025-11-06,behavior_813929_2025-11-06_13-17-17,False,False
4ch,813929,813929_2025-11-07,behavior_813929_2025-11-07_14-18-09,False,False
4ch,813929,813929_2025-11-10,behavior_813929_2025-11-10_12-33-03,False,False
4ch,813929,813929_2025-11-11,behavior_813929_2025-11-11_13-35-45,False,False
4ch,813929,813929_2025-11-12,behavior_813929_2025-11-12_13-42-24,False,False
4ch,815334,815334_2025-10-06,behavior_815334_2025-10-06_10-38-40,False,False
4ch,815334,815334_2025-10-07,behavior_815334_2025-10-07_10-54-04,False,False
4ch,815334,815334_2025-10-08,behavior_815334_2025-10-08_09-55-23,False,False
4ch,815334,815334_2025-10-10,behavior_815334_2025-10-10_10-34-50,False,False
4ch,815334,815334_2025-10-13,behavior_815334_2025-10-13_08-52-21,False,False
4ch,815334,815334_2025-10-14,behavior_815334_2025-10-14_11-11-46,True,False
4ch,815334,815334_2025-10-15,behavior_815334_2025-10-15_10-48-42,False,False
4ch,815334,815334_2025-10-16,behavior_815334_2025-10-16_10-13-16,False,False
4ch,815334,815334_2025-10-17,behavior_815334_2025-10-17_10-59-03,False,False
4ch,815334,815334_2025-10-20,behavior_815334_2025-10-20_10-26-22,False,False
4ch,815334,815334_2025-10-21,behavior_815334_2025-10-21_10-36-23,False,False
4ch,815334,815334_2025-10-22,behavior_815334_2025-10-22_10-53-05,False,False
4ch,815334,815334_2025-10-23,behavior_815334_2025-10-23_10-19-01,False,False
4ch,815334,815334_2025-10-24,behavior_815334_2025-10-24_09-19-22,False,False
4ch,815334,815334_2025-10-28,behavior_815334_2025-10-28_13-32-03,True,False
4ch,815334,815334_2025-10-29,behavior_815334_2025-10-29_12-56-15,False,False
4ch,815334,815334_2025-10-30,behavior_815334_2025-10-30_13-18-37,False,False
4ch,815334,815334_2025-10-31,behavior_815334_2025-10-31_13-31-18,False,False
4ch,815334,815334_2025-11-04,behavior_815334_2025-11-04_09-43-32,True,True
4ch,815334,815334_2025-11-12,behavior_815334_2025-11-12_10-26-10,True,True
4ch,815334,815334_2025-11-13,behavior_815334_2025-11-13_09-57-59,True,True
4ch,815334,815334_2025-11-14,behavior_815334_2025-11-14_09-11-13,True,True
4ch,815334,815334_2025-11-17,behavior_815334_2025-11-17_10-00-04,False,False
4ch,816212,816212_2025-11-13,behavior_816212_2025-11-13_14-13-21,True,True
4ch,816212,816212_2025-11-14,behavior_816212_2025-11-14_13-03-17,False,False
4ch,816212,816212_2025-11-17,behavior_816212_2025-11-17_13-49-54,False,False
4ch,816212,816212_2025-11-18,behavior_816212_2025-11-18_13-22-34,True,True
4ch,816212,816212_2025-11-19,behavior_816212_2025-11-19_13-19-09,False,False
4ch,816212,816212_2025-11-21,behavior_816212_2025-11-21_13-50-19,False,False
4ch,816212,816212_2025-11-24,behavior_816212_2025-11-24_13-32-17,False,False
4ch,816212,816212_2025-11-25,behavior_816212_2025-11-25_13-19-15,False,False
4ch,816212,816212_2025-11-26,behavior_816212_2025-11-26_13-27-32,True,True
4ch,816212,816212_2025-12-01,behavior_816212_2025-12-01_13-43-21,False,False
4ch,816212,816212_2025-12-02,behavior_816212_2025-12-02_13-36-19,True,True
4ch,816212,816212_2025-12-03,behavior_816212_2025-12-03_13-36-17,False,False
4ch,816212,816212_2025-12-04,behavior_816212_2025-12-04_14-05-55,False,False
4ch,816212,816212_2025-12-05,behavior_816212_2025-12-05_13-47-41,True,True
4ch,816212,816212_2025-12-09,behavior_816212_2025-12-09_12-51-52,True,True
4ch,816212,816212_2025-12-10,behavior_816212_2025-12-10_13-27-38,True,True
4ch,816212,816212_2025-12-11,behavior_816212_2025-12-11_13-24-29,True,True
4ch,816212,816212_2025-12-23,behavior_816212_2025-12-23_10-47-30,False,False
4ch,816212,816212_2025-12-24,behavior_816212_2025-12-24_10-59-57,False,False
4ch,816214,816214_2025-12-01,behavior_816214_2025-12-01_09-08-08,True,True
4ch,816214,816214_2025-12-02,behavior_816214_2025-12-02_08-28-39,True,True
4ch,816214,816214_2025-12-03,behavior_816214_2025-12-03_08-39-48,True,True
4ch,816214,816214_2025-12-04,behavior_816214_2025-12-04_08-51-42,True,True
4ch,816214,816214_2025-12-05,behavior_816214_2025-12-05_09-03-03,True,True
